,apache/couchdb,apache/cassandra,mongodb/mongo
2017-05-02,1.187073238207409,2.872368892557144,11.591146367124878
2017-05-03,1.2194685785872554,2.7830364396339498,11.75220349842698
2017-05-04,1.2509126034062226,2.7764389281668067,12.006600611822309
2017-05-05,1.2812079755665968,2.8077590118008824,11.57683310284375
2017-05-06,1.3325455911502584,2.673500566037902,12.36174981696965
2017-05-07,1.3900148134591892,2.6492246980565315,11.548442987459842
2017-05-08,1.3620150053516376,2.840195039844347,11.632171768968918
2017-05-09,3.8512968148683546,-0.8692508350218752,2.3772069781652414
2017-05-10,0.8682848444918396,7.960114453240727,-5.077255523724665
2017-05-11,1.696506061784539,8.365200547510085,-8.985943987317448
2017-05-12,-0.5402664849142025,14.809382844589974,12.580810670562606
2017-05-13,1.4325760900798898,2.487918730672342,9.739631405663248
2017-05-14,2.5030489660634725,2.4587435061177816,10.681558833515627
2017-05-15,3.208761732881136,2.1775451775065084,10.178476921575852
2017-05-16,2.5227740583689426,2.373365862220256,11.190342228272876
2017-05-17,-1.4719404962883815,-4.829103992822267,18.078330069521343
2017-05-18,1.1593872208388933,10.980712192587735,-2.1123782252410317
2017-05-19,3.6647666193172475,1.8836834944493215,9.30523998798934
2017-05-20,10.543196464251093,2.3676777427697604,10.018316498261544
2017-05-21,1.6550393814842717,2.3571216028112607,9.6246181030535
2017-05-22,6.118845617999026,-0.3916700517672797,11.264110850058193
2017-05-23,-2.0601465588637713,1.7278030686504136,8.439850298777532
2017-05-24,0.9248901145249976,2.4245784930744634,7.773580807632842
2017-05-25,1.6094436772948748,-3.6873667807674213,23.470321052217162
2017-05-26,1.9500444909075585,3.1136573628515776,5.593669806340141
2017-05-27,1.7158263046486013,2.2282462299001065,9.093082649399502
2017-05-28,1.8655357527996648,2.145117907537866,8.73501084773128
2017-05-29,2.0687022665688195,1.8550963091987276,3.40352954694053
2017-05-30,2.030148720377659,2.4739345872611165,8.559816764520207
2017-05-31,1.9963919597191568,9.140978816175098,5.069601421211176
2017-06-01,-1.1000945280687437,2.1486998274530364,7.844670693098109
2017-06-02,5.959182129644278,3.5668599305226656,7.919264241013563
2017-06-03,12.747727603838351,1.846589319244342,9.157558091050186
2017-06-04,1.6911656802473571,1.7919519585310046,10.074994215644171
2017-06-05,6.054575427416443,2.95982350097133,21.954732491245554
2017-06-06,2.123470039186972,9.533309659013641,8.962046056072586
2017-06-07,3.618658436439188,-0.16776900952403964,24.464355083688687
2017-06-08,1.5016128299197729,-4.148700651872596,10.358934707830894
2017-06-09,0.4574647336619744,0.36703380965102006,11.123329443487336
2017-06-10,1.3947523725498776,1.5710282541717246,10.940937916052086
2017-06-11,1.4010725964107174,1.5096871965493077,11.979259039918231
2017-06-12,1.0546586649064464,0.979524580588501,13.921367919211011
2017-06-13,1.2857699890240308,8.14963138084113,18.407778064981322
2017-06-14,0.3562044290179299,1.2026246165896983,17.455902718651316
2017-06-15,1.2516232558463054,6.479421656910307,19.848752242853546
2017-06-16,3.1012780901393717,2.6208315405001987,2.2632044951616157
2017-06-17,1.2141839206577563,1.32502561586783,13.939113577209334
2017-06-18,1.246794927900312,1.4251575062433517,13.177112810087364
2017-06-19,1.166068993509148,6.627363322876801,30.602304632574278
2017-06-20,0.8192044127753929,1.5646035113325838,11.874047660469234
2017-06-21,1.1176633499662478,9.515679653311324,9.938097284508517
2017-06-22,-0.23446324433209131,1.3874331321883488,16.697244395339602
2017-06-23,1.0888567382615604,0.8149223295408979,18.016224289249884
2017-06-24,1.8794550435857253,1.285249798863896,12.653629364084996
2017-06-25,1.2774204470894057,1.5442314065200045,13.138252640742786
2017-06-26,1.2272230456725888,10.195830955605693,18.391200221366294
2017-06-27,3.252769198501385,1.265882347681634,11.366500555490664
2017-06-28,-0.9416180899379587,1.5851689392548796,16.227686796767586
2017-06-29,-1.4884422824236654,1.7392694115296647,9.943066249917619
2017-06-30,2.11854847182295,1.9573979090226548,9.938338380542191
2017-07-01,0.624128194234211,2.2126846727228706,12.559140650114244
2017-07-02,1.3632072854950341,1.6523701256017513,12.612060252754711
2017-07-03,1.3889530458852901,1.7723651183891385,10.266563584341233
2017-07-04,2.9532169084523945,0.9997597770057555,-5.8115858981472
2017-07-05,3.128631795024552,-0.6200133298931203,12.806106394654385
2017-07-06,3.279412815246376,4.914576859238522,11.078418415098678
2017-07-07,3.921824034554125,7.666532962231338,10.823711451947347
2017-07-08,3.42654372988516,1.1779902125040906,11.281510323821777
2017-07-09,3.47114618038262,1.8580691478670057,11.796009182972691
2017-07-10,3.495691165517146,0.9556603673570965,10.70657020006367
2017-07-11,3.2194963083519474,4.5680132119760515,12.789620677341912
2017-07-12,7.489600740789974,2.8889471597862713,11.566884382400069
2017-07-13,8.4911801887044,-1.833663037295872,24.982409219123348
2017-07-14,2.895355508730467,14.356719967656298,11.809977848571906
2017-07-15,5.375822250681306,3.5568561395165528,15.637534180329268
2017-07-16,12.429678271962322,1.9896030778070863,11.74650408589039
2017-07-17,4.644210492195403,3.059109732443708,22.50019213501506
2017-07-18,13.393538009572179,2.90036370541494,3.5723886481653118
2017-07-19,0.8649065271078207,-2.574385560132908,5.034229421366028
2017-07-20,-0.17993145116588494,2.3030877292981904,14.086656578642422
2017-07-21,3.670081270320982,2.3070989596098683,22.84452628817706
2017-07-22,8.756154960563627,1.8456200928872544,14.099753271227925
2017-07-23,1.2792056978649962,4.172138759327645,16.41971078086445
2017-07-24,2.786740507398083,12.421277971291776,14.335510019971917
2017-07-25,2.49879947974821,2.556272723381169,15.621558161220486
2017-07-26,2.2159740776661776,3.306079814149841,23.883881104102592
2017-07-27,1.9443092748612667,2.5889125321032482,26.235644439258866
2017-07-28,1.7521781600230342,4.17137610491656,15.877145638073355
2017-07-29,1.1148761274809311,2.4309790344146913,13.490247704220458
2017-07-30,7.120382618644532,2.4851830612050017,15.267746616882507
2017-07-31,3.1993207710305716,3.1100203208302646,13.053162108893702
2017-08-01,4.673699056010508,2.688987789125707,14.32435647055145
2017-08-02,2.1630757082300005,2.5359406270488076,14.273693240773255
2017-08-03,1.1790799482533911,4.70523960524933,15.845206412892953
2017-08-04,-1.1016589434433004,-2.6350487747963998,15.558662224160724
2017-08-05,1.1615206212812224,2.861917163406865,13.753851876648268
2017-08-06,1.161614656594057,2.827373455263683,13.642943950732459
2017-08-07,-1.1300197776791912,1.8958040776083394,16.8813488439827
2017-08-08,-0.05723532516244738,9.479693545997142,20.195472620876238
2017-08-09,1.201871072651449,1.9209061081163594,18.556878580530835
2017-08-10,2.009732161547447,2.7659348413596128,14.74620374559621
2017-08-11,-0.05041875860680767,2.5927898932872986,15.3975079927816
2017-08-12,1.1647935461724839,3.2029107134308177,17.98358440938764
2017-08-13,2.133091324022528,3.299443447095921,14.07486418795235
2017-08-14,1.1624413989602318,3.640353094932756,16.3599236993652
2017-08-15,1.1244937057878814,0.29777995589233675,10.82892859862023
2017-08-16,1.8020986293809582,4.104681733458579,7.376229275642929
2017-08-17,0.040561689109445284,3.6634426775647126,13.739817692943937
2017-08-18,3.832936114028071,3.665323045786045,21.812543979834825
2017-08-19,1.0289466349481766,3.601945059377125,11.673460743432603
2017-08-20,0.9989709039950269,3.6193159418032352,13.600945860039111
2017-08-21,0.9208408614934849,7.749846683099575,2.8599532880157508
2017-08-22,2.735891026981991,3.7287007474702443,19.116229333861128
2017-08-23,10.406217278289828,3.754750210623119,10.800350609185346
2017-08-24,0.9532932457756372,14.460396588661428,14.456066138671648
2017-08-25,0.9786694673742108,-3.172721974374819,10.787751688343189
2017-08-26,1.068424770318995,7.127311133853049,10.833553081030859
2017-08-27,1.0641451270993028,5.353771586978489,10.002456466868956
2017-08-28,-0.6896545644306706,2.0757724727108267,8.839736834274138
2017-08-29,0.5069945901146127,10.727999530750246,8.591892777296383
2017-08-30,1.1475546612247498,19.388275230329395,9.427793342318903
2017-08-31,-0.5876989464472626,10.353377366377476,7.489259646692933
2017-09-01,1.1353175803149418,-0.8255293817445573,8.135983778196348
2017-09-02,1.1547161656484273,5.013532265345127,9.55266304338249
2017-09-03,1.1592588488435545,5.33237051734598,9.384528963470094
2017-09-04,1.8073459609157831,5.742289557322695,-1.5178514560809968
2017-09-05,1.2154439655459426,22.765041034244035,5.814602263231918
2017-09-06,-0.5278944700171846,-1.208186332114825,10.952193362988385
2017-09-07,-0.21684196966753078,6.416208260959135,6.670007101554614
2017-09-08,2.1315326472330884,6.61736164200916,8.760096256795375
2017-09-09,1.145541733475454,6.725375299689175,9.621383366958423
2017-09-10,1.1387713020417134,5.958756978404449,10.631983841563224
2017-09-11,1.1617463202075828,9.993325534987624,12.238772118608848
2017-09-12,5.473150127464947,6.869670611372993,12.63150767304004
2017-09-13,0.7532665296984971,6.750108548109811,6.6511804707327205
2017-09-14,1.1239112396502229,1.6411105231370053,11.368583903467929
2017-09-15,1.0909025250725761,9.72491664268168,12.46557849508213
2017-09-16,1.086345787533377,5.750516275632912,10.264920161877392
2017-09-17,1.0700028182130847,5.777355668238053,10.44412662606532
2017-09-18,0.12279831978149738,4.916363654268204,7.789427205956235
2017-09-19,2.7144858115806185,-2.5531151311524285,20.77531967317144
2017-09-20,1.0147832035504027,10.617860904684267,13.716691016112463
2017-09-21,-0.9234718908836463,5.404526005568531,21.163341141678256
2017-09-22,1.0526563056802578,-2.169876831676736,8.741328376930653
2017-09-23,0.9944746399244778,4.766432331942396,13.331834355628796
2017-09-24,1.0620849399115897,4.9603401731944095,12.552145251290234
2017-09-25,3.129353975498679,8.382803136275761,11.810496015801933
2017-09-26,1.004392933296379,-1.8222333091879448,10.918096408025619
2017-09-27,10.436506872311883,-3.2884067872190172,3.3002298486681987
2017-09-28,4.184340857586021,3.9715390561668222,15.675505502604441
2017-09-29,5.108996777039529,4.388868512526304,16.16213668784997
2017-09-30,3.1295776109525484,12.659564800001647,11.96950898188341
2017-10-01,2.1295841502995247,3.9098736088133133,11.894094145730222
2017-10-02,1.1557137015861094,4.937701823867148,4.626905427379988
2017-10-03,0.1545206379992496,3.8769216745971344,16.501770693385446
2017-10-04,-1.114333204411802,3.7234833588060976,10.883865134871636
2017-10-05,4.3197376980076285,7.851796434780139,11.751843231803738
2017-10-06,1.1722049271742638,3.062009953083898,15.200886743434223
2017-10-07,3.2095409327849236,3.4613517000126763,11.876478502388034
2017-10-08,1.1897633486399306,2.7928427807512826,12.521084441638994
2017-10-09,1.2688012357376621,-0.5536264794107294,14.504673861941718
2017-10-10,1.2072146818425216,6.218660658823088,25.91343733905808
2017-10-11,1.3411642933816528,-0.716511814398946,16.061625017596633
2017-10-12,1.349404769501674,1.6614804546900825,9.48630211495161
2017-10-13,2.197508745566201,-3.4087708691511596,10.23997037929027
2017-10-14,1.3399484307092855,1.5008816796793756,11.80877986356137
2017-10-15,2.1550881234257586,1.827728799959192,12.569212830636852
2017-10-16,1.283432228096903,0.5696374292533282,12.893769376744242
2017-10-17,2.1380042481241315,7.745712185089311,8.401069875047382
2017-10-18,-1.2211480960159173,0.5826771395478131,9.682193753279732
2017-10-19,-0.5569809668915324,0.8822987195032774,11.66877200958931
2017-10-20,1.1270616978046752,0.917411661475672,12.368006090814232
2017-10-21,1.091629739281463,1.0662080358495092,11.300624991476631
2017-10-22,1.0032285105103875,1.213078230434556,9.45176451881583
2017-10-23,0.27645044144694375,1.6918435030155505,7.493139841449385
2017-10-24,0.9887023923631229,1.034841994019747,12.3667638871911
2017-10-25,0.25664320761299764,0.6768450233818395,11.519657112566275
2017-10-26,2.5727026615094877,5.586914053701734,6.24869635376238
2017-10-27,3.925258293083676,-0.9607378509155545,6.148738660866456
2017-10-28,0.87178218693904,0.6721355152709563,8.643186104372429
2017-10-29,9.835108573795535,0.8512132338200804,9.470430866009169
2017-10-30,1.357060773548358,0.5276334308418679,-1.6373160434562637
2017-10-31,4.967577336948187,0.5461693213075345,5.37370272443599
2017-11-01,0.7200070259747333,0.6472747997027787,5.0266586575170935
2017-11-02,0.6904904622315557,2.716870066233104,10.99417505028278
2017-11-03,1.7163990672181115,0.7010631445294182,18.409989206869167
2017-11-04,0.6738256736205244,1.320125061663368,10.054292076757141
2017-11-05,0.6525676290430423,0.624541266202901,9.992163185862752
2017-11-06,2.578778462745327,3.5785356792846774,12.217989184340354
2017-11-07,-0.34939584323257294,3.822660469897476,22.63475690300473
2017-11-08,-0.9221467240020174,4.643810917720127,9.968693052597839
2017-11-09,0.05851297266571531,5.569193509288207,10.60804893644973
2017-11-10,0.5348965652507903,0.10491595256721652,11.139300662792357
2017-11-11,0.5333975476410155,0.43044566425077985,11.866505441772224
2017-11-12,1.5142388933783897,0.586676202470826,11.535975722701433
2017-11-13,0.47959201749417524,3.690430755440102,11.639424664611418
2017-11-14,1.3522365387014497,-0.1252512450371363,14.439878128119803
2017-11-15,0.44610750811687416,0.4873763009633345,14.845817117411297
2017-11-16,0.42770254798409235,0.08522230585216295,1.2244426377125182
2017-11-17,2.421554129046738,-0.16743652695632388,14.278920902881069
2017-11-18,0.4050080454002826,3.767943610843745,11.963917482005478
2017-11-19,0.39089480374369806,0.7241720110402875,12.610578487993369
2017-11-20,0.36845872381851674,0.6581639911979171,13.24852931511417
2017-11-21,0.34916633419588494,0.3334375863180705,10.962277072265156
2017-11-22,0.6753961970674233,0.7680101156336709,11.121325509825068
2017-11-23,1.661665277145569,-0.4853300799563014,-4.891740040301441
2017-11-24,0.309404330113714,1.6186177201060588,-3.1064032015979315
2017-11-25,0.30206330367849576,1.453872102861955,10.430341888061081
2017-11-26,0.2859619856974117,1.497478529192047,11.082237118291962
2017-11-27,0.27001305105198775,0.3513071484829556,2.26166106032447
2017-11-28,1.253415193221865,-1.8288431794594935,14.184488415673702
2017-11-29,-0.12766804225931794,0.15709290710646062,10.710251561158199
2017-11-30,2.858229088874875,2.7516253276016935,11.396559626948132
2017-12-01,4.306605202947248,2.286408955101817,10.112980317175905
2017-12-02,0.2043470375105233,3.21358832129431,11.51623567995112
2017-12-03,0.19072466646055705,6.209053782304485,9.372730042726312
2017-12-04,0.17662455263731908,4.0150069837347395,6.978526650386536
2017-12-05,0.14010183070672322,5.094187103133864,4.100393053274264
2017-12-06,0.1255761663204522,6.872756208534458,9.400464693163025
2017-12-07,0.11341344218425602,10.815642751790197,6.970694890435495
2017-12-08,1.1477100406255227,4.209636891735367,11.785374291825104
2017-12-09,0.11937131043203277,2.6467454010861307,7.282149625997595
2017-12-10,0.11201754737380519,2.706345009807378,8.287089527039232
2017-12-11,3.109914621510969,8.389546174671018,9.72062843799746
2017-12-12,-0.5619778478551894,11.141587385905378,9.68135318176995
2017-12-13,0.0986110839217448,3.0779404120762424,6.879006681721181
2017-12-14,0.09651498314798987,4.623868615805203,10.865145813237955
2017-12-15,1.9568415875594847,0.2722533286282425,4.799034390613615
2017-12-16,0.0813444018871747,2.6119576936327054,8.037061555632583
2017-12-17,0.07464355815217792,2.619964726336031,6.6520669600640225
2017-12-18,0.05055494395216711,1.363019738210844,12.843654541907416
2017-12-19,0.7219123475950551,2.5544620338392945,8.548837565330343
2017-12-20,2.051693965423846,2.6377770022448863,10.167286397098385
2017-12-21,1.0516645088811614,-2.6488207654199374,3.4202979242659994
2017-12-22,-0.024674416290847292,2.4389352277966534,3.8675586807237043
2017-12-23,0.02892896548684286,1.9302315472977376,5.0833353576255345
2017-12-24,0.04651808523468824,1.6088077056930157,5.363440112526341
2017-12-25,-0.03678714871039653,1.318338180120087,1.4148145845783615
2017-12-26,-0.025750025873371312,1.250799522223349,0.10790234563785317
2017-12-27,-0.009763710223248581,-0.023718243809886283,1.0848348557926766
2017-12-28,0.08450754124344352,0.6419644254268329,5.196783157159763
2017-12-29,0.0710141337850119,-0.19291598978347235,14.575522435194527
2017-12-30,0.11238069169654887,3.063692275551753,4.44872080304265
2017-12-31,0.12991476521453685,0.9129776662883693,4.7835024316929955
2018-01-01,-0.21591567183625257,0.3117581720655597,4.417210177146924
2018-01-02,-0.33107583628673054,-0.9726762453379734,2.920917303287198
2018-01-03,-0.1591600565765557,0.09071904553764418,3.738626814871587
2018-01-04,6.220436029041549,-0.9867878503278136,22.231759461075434
2018-01-05,0.23144342965547723,0.3079103061452756,6.890804965389092
2018-01-06,1.2666591465107588,0.7238229300791037,4.682844974253866
2018-01-07,0.27321497552437707,0.5783005260589065,6.696420770450352
2018-01-08,-0.3447442339753328,0.49448548711758056,15.197312390983376
2018-01-09,0.36096944803011866,0.802849926427021,6.258953535871901
2018-01-10,-0.32044616740111626,6.970614225373061,6.317674051333333
2018-01-11,0.3545921429333661,2.9650512888863743,6.542540430631518
2018-01-12,2.372639328757278,0.4884940486441983,6.9959466360234135
2018-01-13,0.39126145463928175,3.477613560989953,10.0781090421101
2018-01-14,1.3690687724206763,0.5219997007557042,7.495540164971941
2018-01-15,0.4737754043336897,4.841356738886059,6.359233849260234
2018-01-16,1.3693506951400929,0.07347868959567848,10.361387910671045
2018-01-17,0.48182723982347886,0.7515479050053038,9.827131542337046
2018-01-18,1.4194377475857458,0.8123887830687238,7.251479454584609
2018-01-19,0.4108510753139246,6.333201047442643,8.976461564311514
2018-01-20,0.43732324150953406,0.5957448067384735,9.984218155128042
2018-01-21,0.3993515256516158,0.7294627095168291,10.676462931215761
2018-01-22,0.7565128779415191,7.938140530085172,11.395599047763495
2018-01-23,0.8597260887681386,-0.07353415396210813,12.783228778429152
2018-01-24,0.7650788650940789,0.8334910587564012,-0.19885958545044602
2018-01-25,0.39659473432370224,0.6563389402251327,21.45052807350066
2018-01-26,4.407028959321164,0.07991993306542568,1.0377117422202229
2018-01-27,0.4037361900390535,0.4662240522517397,11.237195662957141
2018-01-28,0.39885941576329265,1.2113986456688353,12.843056830334982
2018-01-29,2.0176686554858865,1.178994023896846,26.6297042309414
2018-01-30,-1.644729146449367,1.4870530126282424,13.535682954621924
2018-01-31,3.049557515659995,1.1925715821661278,14.26215313751292
2018-02-01,0.3482814384943524,1.7464444292404686,17.043923874739317
2018-02-02,0.33368334295168756,2.5532109156216394,16.232309714122707
2018-02-03,0.37452524843115925,0.23743506807809878,14.714992477344511
2018-02-04,0.3743816034624892,1.6060006012942207,14.48330352513547
2018-02-05,0.31061010279836915,0.07599447570352276,13.406562111086604
2018-02-06,0.3242343675291437,5.255441827165527,15.232449395039911
2018-02-07,0.3355627034501739,4.488665810886065,-4.053977396929856
2018-02-08,0.047182916492347786,4.7584749195619,15.266645995010514
2018-02-09,0.07158699854558309,5.638264308768004,14.676998042585197
2018-02-10,0.41722370093643435,5.025985107697704,13.843126385890796
2018-02-11,0.4288141775499212,3.7601875947328125,14.357976069011347
2018-02-12,0.43126729870469366,3.9268672872551647,18.32605570503421
2018-02-13,-0.5396213477209961,4.2952199343201,24.692855550096166
2018-02-14,1.3664673565066,12.639141705569003,15.500995482168852
2018-02-15,2.852110587622323,2.6794887920527652,12.753804294926471
2018-02-16,-0.14063037338287443,-0.051404550429631504,14.812289084470496
2018-02-17,0.5239164604773239,1.9987905865437023,16.876763242659933
2018-02-18,0.5421767483504076,1.6518798036378375,14.782158052933982
2018-02-19,0.572643239157352,6.896116359839398,-4.13550864910824
2018-02-20,0.6390646588584838,0.9506301251097836,13.889648363290489
2018-02-21,0.01892799135586424,0.2610635485258599,13.804382351691963
2018-02-22,0.6345746470807532,-1.7612239492848691,3.601224649525113
2018-02-23,0.6193777520320143,0.5962529333058829,12.889996982287173
2018-02-24,0.5563265702214669,0.5430113074360473,15.68628644456225
2018-02-25,0.5394201562362512,1.3653521733197909,16.40899804297585
2018-02-26,0.5420135290899509,0.9343764389852284,17.397347353626458
2018-02-27,-0.7737893549490422,0.7511129962240375,15.353621388265308
2018-02-28,8.413246179444453,3.86609199714683,5.670536346149818
2018-03-01,0.020122485432042647,-3.8851708849510365,18.167403697792736
2018-03-02,0.8900019876900682,4.27701525664637,28.98874472389994
2018-03-03,0.522525090242889,3.0965521705482235,18.093824741403797
2018-03-04,0.5311076520757438,1.3160641768036667,17.824679499917544
2018-03-05,4.563085379381522,10.020426264253734,17.364338852556095
2018-03-06,11.847375729672319,7.446596167279974,24.809371920262883
2018-03-07,0.5263545148862064,1.8642267235827805,22.26659436157216
2018-03-08,0.5419510170977495,1.9003864215704835,8.701917283523725
2018-03-09,8.285948954448413,1.463891809664171,20.105733853446665
2018-03-10,0.6037625942527916,1.54377630741778,16.825938217092013
2018-03-11,0.6159948742920749,2.507510772537466,18.05210342736539
2018-03-12,0.6316200343553614,4.005310297880922,18.04086175691707
2018-03-13,0.626710614767039,1.7230706362709203,16.297103953282647
2018-03-14,0.6389357537455937,4.585015202656363,17.676367458036516
2018-03-15,-2.0000589168808243,4.605786814993581,18.115793796730856
2018-03-16,0.6551365565117073,0.8596041390624408,8.234141659374346
2018-03-17,0.68727959718348,1.8219176259600451,16.49522133013204
2018-03-18,0.6990664799223553,1.6910776634851996,17.98912707486486
2018-03-19,0.6932841718707506,1.8466946158215463,15.611228362526955
2018-03-20,0.7197045368986291,10.705589933438821,20.603361083525016
2018-03-21,-0.8220633334607151,-0.6385674535123382,15.26687231646296
2018-03-22,0.4592664787730425,-1.6494513124866543,14.981172093842824
2018-03-23,3.3990547197938747,2.77720222475108,16.745044893139333
2018-03-24,0.8226500580379895,2.0864261116826306,18.666142136359582
2018-03-25,0.8469294220184336,1.9521933235654765,15.48928215841543
2018-03-26,3.8786093386161338,2.056147318294991,23.371338149364426
2018-03-27,9.398731005647468,1.4680266563922573,12.930028180823733
2018-03-28,4.557314127645686,2.2262186469103225,14.540768954885166
2018-03-29,1.0174919871643806,2.1046623173482857,18.316909748117386
2018-03-30,0.21233681720595834,2.917321030008662,-1.4292831491245455
2018-03-31,0.9022912350284474,2.291738201265456,14.532833410519217
2018-04-01,0.8828123069502176,2.038378076218523,14.95608669192511
2018-04-02,1.6135463809719806,-0.014907252478422131,18.524938262903458
2018-04-03,2.0848108382778285,2.6988551599259765,16.159033176431606
2018-04-04,0.9294914853324671,-1.7213016840014257,25.59289307555348
2018-04-05,-1.9270138278040059,3.217306735895873,26.24334386662177
2018-04-06,0.8664644324899846,2.868038138167773,14.74128794860305
2018-04-07,0.7171644664530407,2.2287488306769876,13.906598509718282
2018-04-08,0.6818331178935183,2.854494391046232,15.467185540294087
2018-04-09,2.588179351950721,1.7013746746796048,12.311920530384148
2018-04-10,0.6599510092212342,9.064450972100374,12.218745920877454
2018-04-11,-0.05837192550024504,6.617676832569315,13.762977780368924
2018-04-12,1.9827868856709359,1.0111998033760004,13.364515601644865
2018-04-13,2.874482753061326,-0.9290670450905876,43.23544792576058
2018-04-14,0.4285865324971301,1.82095439949534,18.90182572682751
2018-04-15,0.37700933917219026,1.638803660360776,13.759022602578714
2018-04-16,0.26620800862976224,1.9743484084741054,14.661815046934457
2018-04-17,0.6879734934534633,11.892763728279792,14.641085630729542
2018-04-18,0.9088302976230747,11.29319314002005,25.853055269728394
2018-04-19,0.09767071977321379,1.7864547071633168,13.017512451746354
2018-04-20,-0.1485285715979387,1.1193049205610766,15.474746268976663
2018-04-21,0.1434720069649436,1.5882200776884414,13.230109288099255
2018-04-22,0.12098821623509855,3.269750864380635,13.884312913260608
2018-04-23,0.0811626922393964,0.43456126156269725,27.068511214242907
2018-04-24,-0.2048773782278403,2.018944376305563,14.594270975442532
2018-04-25,-0.008907768178409492,2.160292667982011,-0.029346890101820122
2018-04-26,0.018482122235411652,0.11994896926961418,16.581458023004885
2018-04-27,-0.03342280618101599,-0.5821565596410695,11.871483454105416
2018-04-28,0.03191942708468748,2.244787017811829,13.147586364187298
2018-04-29,0.02160935809994885,2.7584882115230895,15.017929238942061
2018-04-30,1.0333885771772833,4.004892811132531,27.418574174633857
2018-05-01,-0.03504929074002911,3.381868720096766,26.93337596812311
2018-05-02,0.9956715742405032,3.6638296258807017,13.712082186777053
2018-05-03,0.00019881151049902165,6.961730945458303,12.801302302047429
2018-05-04,-0.01915199619476408,4.105315550622755,17.754814690410754
2018-05-05,-0.003763100032434373,5.120169485125043,15.53632254706218
2018-05-06,-0.004227881399444491,2.867047506024638,13.609677008533703
2018-05-07,0.0019758871326100227,-2.3480372849696116,15.138849197170448
2018-05-08,-0.014837407258301986,-0.5905605715051155,15.55023730721932
2018-05-09,-0.016569100759532294,4.69198434917324,18.447765918408912
2018-05-10,1.0166554030223394,3.2729815256287953,14.913194358854941
2018-05-11,-0.022751170104366232,3.2494806486028334,9.607861101725863
2018-05-12,0.0037549758186193258,6.893004225601922,12.8517260187374
2018-05-13,0.00684763865258943,2.28882435952584,14.127758651440967
2018-05-14,-0.017892825980846745,3.0809581892455924,13.021290076568052
2018-05-15,0.015196665228476458,0.11878720405006762,12.47769258532754
2018-05-16,-0.056957897907427994,-0.2982698056294123,13.771888284156692
2018-05-17,0.03517298121697429,2.179480842313044,10.657938357377418
2018-05-18,-0.03756679291740689,4.781101097222885,12.457519753557708
2018-05-19,0.07424063099055728,0.7319712138637051,12.266090917523217
2018-05-20,0.10403398004761692,1.5755108784417737,12.895186453605671
2018-05-21,0.13306875822461187,-1.1614735466319264,-0.8699067490571053
2018-05-22,0.17500466490041688,0.5950391542424621,12.970359018413088
2018-05-23,0.8514512780211753,-0.15713658215739845,9.351828433012368
2018-05-24,0.22650185760122196,-1.6292191325449823,11.413891649596815
2018-05-25,-1.2781716561316927,0.2817782678048435,21.162171297247458
2018-05-26,0.3032588757883386,0.6299763698274436,15.30393510687397
2018-05-27,0.3372844763420054,1.0350889768606242,13.387529919448136
2018-05-28,1.3718451072631663,-0.29736663534409463,0.2931197701159005
2018-05-29,0.396406875402357,2.4276796836290098,7.408513209203384
2018-05-30,-0.217774752318628,0.46665013610129613,12.589867239476613
2018-05-31,0.4631667672809587,1.06101803752084,16.30726793839223
2018-06-01,-2.1678079556907566,0.684007208307912,13.55307211512337
2018-06-02,0.5268183733338642,1.6638003821131737,12.432332719225503
2018-06-03,0.5462182429995635,0.9773226036606908,14.02798396292043
2018-06-04,0.5761711153797496,1.259380839064523,15.421808510433594
2018-06-05,0.6274576426745037,5.482707273404605,19.200795544260203
2018-06-06,0.6978164800357176,1.5145524602788214,16.752600567754563
2018-06-07,0.732929658455046,3.9888963218237414,8.671490758073395
2018-06-08,0.7659988125007882,2.9054542824291554,19.43345401390139
2018-06-09,1.6840213315571821,0.9621989561349746,15.923075182332875
2018-06-10,0.7726094012840746,1.255423092458235,14.216799717266062
2018-06-11,1.7711351461745424,1.0673594185342492,23.074461880302366
2018-06-12,0.7758689558844329,0.5995774625600151,11.196437252035388
2018-06-13,-0.6773777471398005,3.645630762979573,15.395399584888505
2018-06-14,6.755744665323011,1.2631196602665227,14.835245251217552
2018-06-15,-1.2090375290404114,0.9801322850965749,7.925320311360839
2018-06-16,2.7792726829495207,1.2518467738045767,12.725108654276484
2018-06-17,0.9162768395033303,1.3236755403720688,13.78127347268671
2018-06-18,0.854317443466402,1.7934676719149252,14.038536484098644
2018-06-19,3.8429129030260696,2.739338009196457,12.878890288311814
2018-06-20,0.9482358158557644,2.3528491742503976,14.411486577801684
2018-06-21,1.828215223115174,2.7148194806862502,11.0709725270976
2018-06-22,27.841055410121566,1.870261273177444,13.148830482193539
2018-06-23,0.9403575034086525,1.188671157801904,13.262680127023092
2018-06-24,0.4900531091863713,1.1527097828756994,13.025661379634114
2018-06-25,0.903357777710419,4.082206825268559,12.158590264716967
2018-06-26,0.8738826644523962,0.6488476407386308,15.690997612735703
2018-06-27,1.2460854143657492,-1.7468761435616473,10.166212482629442
2018-06-28,0.8710160837535692,0.36904495051930997,13.617317429485784
2018-06-29,0.8584992571361725,4.397579379234008,4.798991616765031
2018-06-30,0.8440292470122562,0.9468743907594537,12.808303027972661
2018-07-01,0.142997556670665,0.8896165157253978,12.239313343462566
2018-07-02,0.7852538974560483,8.230785945307117,12.470522158174656
2018-07-03,0.7556061397657644,4.51798838982179,11.53213459842439
2018-07-04,-0.5324833247934889,0.8793928442919814,3.493812948853081
2018-07-05,0.7934095007635092,5.957167024002739,16.194093302597587
2018-07-06,-1.7980446663803202,-0.2680045161315789,13.52665235395202
2018-07-07,0.844521315353557,0.6819115220744711,11.132415250086297
2018-07-08,0.76337748422855,0.5500408036434836,11.54440890920916
2018-07-09,4.67835107374701,0.456237865292087,11.396419114350639
2018-07-10,-0.941950533538367,0.34535116821321654,11.714093201596425
2018-07-11,0.776858791761942,2.607188490103803,9.349528601246032
2018-07-12,0.8804307831921265,0.2966441833189233,7.430270954413334
2018-07-13,8.44852305702408,1.2251461312765706,11.55316214054795
2018-07-14,9.922390493254975,0.5336426887135576,10.773956886906344
2018-07-15,3.9073420396326513,0.28753784411415834,10.903141801324093
2018-07-16,2.497684265459175,3.440591546414555,0.4719571961731557
2018-07-17,4.109730188354017,1.1667866583090187,-1.0161812851551049
2018-07-18,3.255341157107275,0.45444198305408345,0.3473302462537662
2018-07-19,1.0215865496971932,0.15063606308987906,7.095232429273772
2018-07-20,1.0506863733931833,1.9834594946728352,8.519396018778039
2018-07-21,1.111431902241853,0.4726722367353415,11.743892835834867
2018-07-22,0.1820302089723316,1.2188852522207363,10.091911625191695
2018-07-23,0.3893171224319708,0.4052057923285569,13.401048372763414
2018-07-24,1.3087082937021526,0.2496403813036398,12.367576496046476
2018-07-25,-0.10236692329838015,0.12152021317914896,16.408621461294167
2018-07-26,1.3592611229191294,0.48666059936799677,13.801746488080578
2018-07-27,1.2942672243079243,-0.1420400571043643,21.667361454717003
2018-07-28,1.294646886394512,0.5254982423732532,11.741782512559274
2018-07-29,1.39537044393624,0.30982746141089923,13.612743535750939
2018-07-30,1.399202849019981,0.581641535211079,15.205319395092308
2018-07-31,1.3490133758275613,6.333492678015547,12.153634769752534
2018-08-01,1.3970514580761177,0.5277336518832885,10.676036595251368
2018-08-02,0.507965761570866,6.4647746277965865,14.107863197487719
2018-08-03,1.3078877665179174,-0.293104037993533,10.052925390675895
2018-08-04,1.3022966977148467,0.7378058771563253,10.711657812288086
2018-08-05,2.6094111785444705,0.6868851531868396,12.509987660768866
2018-08-06,0.8082526896997135,4.930887583286554,6.115606427843199
2018-08-07,1.3280393864685347,0.27612288885286523,6.533046097458691
2018-08-08,2.904770548605873,0.839346662148859,10.861226226693109
2018-08-09,-0.10429533121721311,-2.2191130968650383,23.83446654709116
2018-08-10,3.2518726944411265,0.9518389579904105,11.285853837290285
2018-08-11,1.2504951402297761,1.0910365959112962,11.428816059779187
2018-08-12,0.8188052082768424,1.1464600919196135,9.617517910401851
2018-08-13,1.2864209231711279,1.2961707069855897,19.991082914623078
2018-08-14,0.42398463270289377,2.4811577401939675,11.522381050373342
2018-08-15,12.510524378507732,1.0420505982826602,10.912337891051237
2018-08-16,1.1936760034421403,1.7463474390441833,11.23788877336345
2018-08-17,1.123471146220436,2.2842432356056643,3.9261973185712575
2018-08-18,1.0934504238157834,1.4370038102681204,10.987973663798137
2018-08-19,1.0562594585132121,1.3893139039556908,10.883661731029804
2018-08-20,-0.250774505341589,1.490770052118316,13.124117990582382
2018-08-21,26.64802071410395,8.541001146527384,14.193257855871465
2018-08-22,0.9746162362751638,2.0786207208908634,12.400216768902817
2018-08-23,-0.6433638738197514,1.5071363904265995,7.828013550818957
2018-08-24,2.9599024026370833,8.64868923583028,11.346947007713712
2018-08-25,0.9233510220241572,1.2958411715219698,9.513140816502
2018-08-26,0.8856908536027684,1.4611395131757525,9.936720197104504
2018-08-27,2.161914797181781,1.4644477983041968,23.70304101606294
2018-08-28,0.7866602065586583,0.6057256299788052,9.454598086142095
2018-08-29,0.765733034292535,0.41484320608936953,7.862466972465699
2018-08-30,6.52291826443333,2.607661448691795,6.640531850325384
2018-08-31,0.7983395304881045,1.3400827088457423,-2.5478707055234047
2018-09-01,0.8040105289517424,8.131315694850098,9.369585564985385
2018-09-02,0.8026860978254757,1.4243779491400343,10.432841615751741
2018-09-03,0.7441666430183888,1.4452600176804902,4.626057707586344
2018-09-04,-0.5189346253574576,1.4946618937107696,-3.8886374403598047
2018-09-05,2.3063343686764424,4.601216122224768,7.9084935665724405
2018-09-06,0.7687180916659613,0.5867903957119185,11.550065571891636
2018-09-07,0.773448750325832,-1.1047262301452134,8.026584855895205
2018-09-08,0.8075521013408214,1.97789614077706,12.558745555248155
2018-09-09,0.8093610026036572,1.335926397710683,11.026693048386209
2018-09-10,0.801972406767143,1.3859901995347095,14.356459918174549
2018-09-11,2.0907294828317355,2.0893457561631203,13.267846077890434
2018-09-12,3.333069659205587,1.8984679636831083,18.871404794418904
2018-09-13,-3.2174512381300424,1.1845895254976617,16.41674543689602
2018-09-14,0.06860808029942508,6.509420479174051,17.323966012047837
2018-09-15,0.8365089913575664,0.9421162818700467,9.493602707773492
2018-09-16,0.8456265138226938,1.2456976777596362,11.459772152359612
2018-09-17,0.8538835889337985,3.2544451541503157,23.38286654156854
2018-09-18,0.8738206161120857,1.095158065067626,12.039106426795328
2018-09-19,0.8741507789427423,-1.6936711724642428,11.290036732564047
2018-09-20,-1.1385874769258884,6.221182709509215,4.050663333139164
2018-09-21,1.5205677319165591,1.1331257930537126,14.003208243423806
2018-09-22,0.8564496650095536,0.9709914545396674,11.544134739206
2018-09-23,0.8510789970504852,1.0135936344717102,11.258266404924687
2018-09-24,0.8471246373241376,0.9362064133281484,8.060618973471882
2018-09-25,0.8426877341961663,5.921916597880449,7.095685235489118
2018-09-26,0.8415139498578776,1.7388151822126736,19.87017609421273
2018-09-27,-2.0951068419566248,1.024666390025687,8.407828865045683
2018-09-28,0.8753561424288856,4.033631067786405,10.17557955752102
2018-09-29,0.8901943724137098,0.8117065764200284,10.82356211007974
2018-09-30,0.9000782945284459,0.7773606791065879,10.483623895214892
2018-10-01,0.9123427453963158,0.4018656176266966,11.803967994261697
2018-10-02,7.908478122025734,-0.3538635910871339,16.168909796097726
2018-10-03,-0.0010080988474479094,3.235353345601353,9.369668491518205
2018-10-04,0.9336715338445387,3.967859652465395,14.319778623538465
2018-10-05,-0.4448914802699922,-0.32706893105417656,5.809713458858148
2018-10-06,0.9133046151405952,0.676188176800536,9.595963740188186
2018-10-07,0.9032480380997452,0.6436352494270928,10.39931428193623
2018-10-08,0.9042883026686905,0.8548945067368048,13.274131501636452
2018-10-09,0.917193990373168,0.9256286475142501,7.443534634678173
2018-10-10,1.536327435457087,0.10173095886196679,12.606112074457217
2018-10-11,0.9110198961987614,1.1284172477094714,5.545956377726958
2018-10-12,2.1103345527587423,1.2451337635804665,21.256460089955716
2018-10-13,0.9070375494236965,0.6579534379376281,12.160904072289615
2018-10-14,0.8926657798721263,0.6740865991013207,10.456159245220155
2018-10-15,2.883691029875946,3.441536984159119,8.63560326919755
2018-10-16,2.9392183965791396,4.787610277474444,-0.901847215028706
2018-10-17,0.8560994781211106,0.7261593634757341,-1.3394332130894644
2018-10-18,2.8859991974220076,0.36919986638788205,-8.750432619958353
2018-10-19,0.809005458137106,0.5850191283116374,11.698957762243843
2018-10-20,1.8797725720726453,0.8977022287301322,9.409907162177774
2018-10-21,0.9017101074567387,0.9504533915035029,10.369465197029474
2018-10-22,0.8261550962950774,-0.9578689545636115,13.304772427989572
2018-10-23,4.9355047462477515,0.8338676544143073,14.905957169228799
2018-10-24,0.38993421653604243,0.7195081301971323,7.631301695607456
2018-10-25,1.229902379997454,0.5012205354688859,12.71978586607812
2018-10-26,0.9094879429699468,1.0370350403955888,9.186694095462375
2018-10-27,0.8167646549034522,1.1718777578748156,10.089897972568545
2018-10-28,0.9796818061663396,1.203867007054669,10.65255300194995
2018-10-29,5.819800778730457,1.382557933165936,7.94928099680589
2018-10-30,0.9209631672329768,-3.316296782961586,7.846409216822682
2018-10-31,-2.089011162457276,1.7200154054806256,10.577809455542196
2018-11-01,-2.442933837783568,2.5978443857941333,4.513948531300501
2018-11-02,1.0472422682831553,1.222490580591367,16.634677064629035
2018-11-03,0.7755675369167638,1.3293580552166313,11.228712989778511
2018-11-04,1.3910749535758604,1.3863763375840636,10.52720604489636
2018-11-05,0.884998776977685,-1.9047386946657643,11.718640120006993
2018-11-06,2.891034533451557,6.531313853387871,13.339552412421858
2018-11-07,1.5582245388224356,1.8504057696044482,23.06891640919843
2018-11-08,1.647719381713237,1.712035988666769,13.485370293260747
2018-11-09,17.235511387524667,1.2028924742272293,10.664877840708398
2018-11-10,1.805692351903651,1.4348279430071451,9.616269703267877
2018-11-11,2.9659845249023773,1.4113047343357674,11.384863611184798
2018-11-12,1.9655650468414632,3.7310207792171863,13.721337558188738
2018-11-13,12.826830198812736,1.209919839188439,10.255391862330548
2018-11-14,-1.8411095887387297,1.1217217058991606,14.493082531150483
2018-11-15,1.26516184174076,1.0447515423228821,10.761149247057652
2018-11-16,0.7287877037692316,2.0849422832918556,11.202551493775188
2018-11-17,0.9841479472367497,1.3482334221257153,15.713397902346179
2018-11-18,2.546113850754115,4.29365647574118,12.310865249630979
2018-11-19,3.722378397869899,1.343809500866136,7.0207768509102255
2018-11-20,2.765335240703816,1.9067823058369942,11.468930036352823
2018-11-21,4.800823902551441,0.8816790072803646,8.509964874512637
2018-11-22,2.926601874680742,1.2737995752321905,-11.134362228947936
2018-11-23,3.076834707739249,0.8970690208790322,-1.7636513231265636
2018-11-24,1.255226293191482,1.1530885295320958,11.015468433405871
2018-11-25,2.4357628824626887,1.1272803113981134,10.404884456447132
2018-11-26,4.537757897141731,-1.7325827822039046,11.167135145112278
2018-11-27,4.816874777575201,1.0220829545854475,12.694232922445401
2018-11-28,3.4379642858616197,8.624290844926875,4.496018617973302
2018-11-29,3.4928162858505294,11.149020706945283,12.810190109339425
2018-11-30,1.110166950206656,6.884593183836749,13.77790239453008
2018-12-01,3.458839465566153,1.0901911046185229,13.475866675109488
2018-12-02,2.2561780504928612,1.072198110177344,15.474625008142564
2018-12-03,3.288246247304741,1.1654682868368413,14.518333411125406
2018-12-04,1.7292073266364998,-0.8516769900553509,11.973809247277229
2018-12-05,-2.5821767918551433,2.3536040602466626,13.340330240709708
2018-12-06,3.937641180233847,6.0346242518889195,13.508044979623723
2018-12-07,5.069889926414822,5.8699660061487275,10.907285968016655
2018-12-08,4.0158930717498755,0.9942419022891658,12.544424686259777
2018-12-09,1.966699019172487,1.014347711712078,13.308574254379344
2018-12-10,3.174336084813248,6.0183029982430645,14.521478252085304
2018-12-11,5.860820061807964,0.2463944007090955,16.103371157941854
2018-12-12,-0.7661294667719871,0.18920695277600497,17.990874469817456
2018-12-13,-0.654602944968701,0.8113645234889963,19.301457761405146
2018-12-14,1.0038660523158767,0.8481778921889902,20.35991407286071
2018-12-15,0.5978577703565939,0.8763652579871909,12.519543698352553
2018-12-16,1.3588326637343078,0.8140747665020236,12.80599129593233
2018-12-17,0.16374528049911075,0.39405986956821626,17.007790621854713
2018-12-18,0.5157860219948694,0.6404891354945952,35.646406922835354
2018-12-19,2.081171957572283,1.1796597246876923,15.503903034857949
2018-12-20,4.336574128487722,0.5415731517619959,27.743725566266185
2018-12-21,-0.510524940802938,0.48948873619677635,18.166566344726554
2018-12-22,0.28553855534509,0.520163912134294,19.118520217570534
2018-12-23,3.9403478413534425,0.46137826680999633,15.776231404226369
2018-12-24,0.23542816458264104,-0.29491766413958154,-3.1645986463648157
2018-12-25,0.24616133445245167,0.4666147763148194,3.237604662985754
2018-12-26,0.2500923971137943,0.19485553669180367,-2.4294028039521622
2018-12-27,7.396455034752975,-1.096036724357176,7.113037243607059
2018-12-28,3.981050820539307,0.4531595169992121,5.534212894436768
2018-12-29,0.5020373667571558,0.4404994510198699,8.299361515386968
2018-12-30,0.2986531541656738,0.44287946563697855,10.838733211465478
2018-12-31,1.1766749619042238,6.235983758759643,7.561701940188513
2019-01-01,-0.06428601032695519,0.4498926818886148,7.585106740757129
2019-01-02,0.35263388171971005,0.41123794491472904,6.161807112225163
2019-01-03,0.3804645750983251,0.13576923409642844,7.52396632251265
2019-01-04,0.41255723177531045,2.5662649484127464,9.322716777497766
2019-01-05,2.6856405574029396,0.5671124652534724,9.338638610770357
2019-01-06,0.5451812954501614,3.613942658490526,10.194254224670928
2019-01-07,0.05525936168219621,0.5941351919263878,11.910252230335654
2019-01-08,0.5814454535233753,0.22056465465337285,18.992635797250777
2019-01-09,2.484621657700305,10.539355767216458,16.50914227905356
2019-01-10,-1.0442125325716267,0.7109474495834611,17.861286049198075
2019-01-11,0.7340777976603219,0.7500058586563241,17.648377468177113
2019-01-12,0.8175567214303804,0.7294613602460995,20.05460723074856
2019-01-13,0.8688177925246449,0.7601062455101897,15.645769771705153
2019-01-14,0.9798648862838186,6.555647446149239,15.813489504314049
2019-01-15,1.5106231450726726,5.689507595216614,24.327856556110753
2019-01-16,-1.14692593556883,0.4302180940282719,12.138275361889304
2019-01-17,0.6198354335672995,7.781466405897104,13.384429717519726
2019-01-18,20.506582437995924,4.889211636609828,4.710147089719699
2019-01-19,1.4040335813937814,0.95049942150967,11.050626770605827
2019-01-20,1.3867307572849854,0.9684571111844819,14.494532556174931
2019-01-21,5.237418323748541,4.169613639451425,-0.6727161081160116
2019-01-22,2.5189510353859674,0.7674597623986192,12.565883713760101
2019-01-23,2.2098835188870742,1.021981820166346,17.147408518268293
2019-01-24,2.3384590134812075,0.8902216305772669,15.844202576525173
2019-01-25,-2.1094216726633745,0.9356984103856533,14.815910001177967
2019-01-26,1.8297800677294755,1.269573560191271,13.662703195235615
2019-01-27,1.8008357943686808,1.334895427706837,12.17906686936301
2019-01-28,2.475101901914317,-1.1667941138619646,4.590780456209469
2019-01-29,2.4903326687284637,-2.237958511226365,13.867094121413603
2019-01-30,3.1409970451414106,-0.48019036813129284,20.060864473718564
2019-01-31,6.871126638253301,2.1772309255752926,14.238295644309506
2019-02-01,2.410019573229903,14.819514866175831,10.874125575311023
2019-02-02,2.1265705911446844,1.638127744189333,13.077185067548093
2019-02-03,2.2146212133229946,1.6979604427753536,12.319087939628647
2019-02-04,0.49452423830815245,1.9087428149589547,12.247980804810329
2019-02-05,4.413994435633423,3.3473739095942774,13.063768273970542
2019-02-06,5.91871104098438,2.178240976414119,11.497022438876314
2019-02-07,5.248962631772896,1.3869618770841754,9.596722640428425
2019-02-08,-3.0109729787246478,1.3454867569300428,14.004403492140403
2019-02-09,1.9268744536883047,1.827001970461315,9.700793130791068
2019-02-10,1.8780505159794865,1.8227345414135074,17.026538676772006
2019-02-11,0.4665078384188987,-0.18463940598478823,10.470505316592813
2019-02-12,1.2433439941495998,2.6317755901029187,22.606316935259944
2019-02-13,1.7215309256221376,2.2519303740430567,7.061683095768443
2019-02-14,1.6806060018080815,5.365250777306894,18.070186983270027
2019-02-15,1.6447462470637073,2.8328217651109497,8.685753132351836
2019-02-16,2.5967369698721856,1.5591821875060101,11.351398900201335
2019-02-17,2.559024663565379,1.497374588887184,10.935703798576593
2019-02-18,1.5532618568104692,1.2385126185204065,-1.2604444857742565
2019-02-19,-0.8065344792125068,1.4003984534993121,9.095403361591323
2019-02-20,0.7722188774235693,-1.1080727947640243,10.652182286484232
2019-02-21,1.916564131241838,1.1190612015032464,9.863663395480287
2019-02-22,1.7089919161010982,1.4738441844993326,31.5859081188507
2019-02-23,1.329387913598894,1.1230836880573893,12.586648406086248
2019-02-24,1.2739946979354848,1.073666888609839,11.607584805207278
2019-02-25,14.515868109579506,11.656456501333695,34.563206311600645
2019-02-26,1.2085038051724557,-0.866095716696003,15.647668922993713
2019-02-27,2.4892648606266086,-1.4991180073456358,16.263260635888003
2019-02-28,1.0685794933612414,0.7622291689225016,18.417026562700077
2019-03-01,-0.09908344376237754,0.180530950775806,14.924349962777242
2019-03-02,0.9201985577817734,0.7127677647757836,16.953244177744004
2019-03-03,0.840250768361589,0.682573303665315,12.605425874830317
2019-03-04,0.3777527625807413,0.8722098873410375,13.00387030191561
2019-03-05,1.1752703161018598,7.855981718669474,12.996077028502404
2019-03-06,4.132030040507595,1.2700076438231631,19.729041534273065
2019-03-07,2.381066426315657,0.5571143359696117,9.615394247877967
2019-03-08,-0.10209118791323958,3.051118297815096,27.266166712232756
2019-03-09,0.5454095452210221,0.5067530136523788,9.157371931256112
2019-03-10,0.530930589040057,0.5019395228618418,11.137287677538513
2019-03-11,0.23510905820801054,0.1549337813501671,13.516792006649002
2019-03-12,0.15317946422420525,0.40499384256572385,10.090211112225635
2019-03-13,0.08129399673069782,-2.312254257671309,11.181173884752758
2019-03-14,-0.2616626630048493,0.4406539599035566,7.145322876715212
2019-03-15,0.020967001837742666,4.410239372515552,11.883898044231156
2019-03-16,0.37291121161411317,0.4186836508347932,11.771505777708319
2019-03-17,1.3889229701611778,0.4159829424809642,12.75923863312927
2019-03-18,2.2462501066300007,0.4794358393885652,22.468831642580827
2019-03-19,-0.42499323084291596,0.3824491060210946,11.84537046269186
2019-03-20,-0.7686592396729666,0.44218227393886833,12.151260926304543
2019-03-21,0.18644391903439206,0.4188820091056397,14.782490285979668
2019-03-22,0.21522999545834448,0.4126468264626251,10.916345936198832
2019-03-23,0.37016510831810107,0.4242581323571227,13.180297905633187
2019-03-24,0.39384608064570087,0.4111307222222858,14.511847059545518
2019-03-25,0.887466043037474,4.468845261741651,9.326176154711696
2019-03-26,1.0710814638525756,4.427125224685277,12.098753856394872
2019-03-27,0.4384064712412499,0.4493720763333351,4.3405060722957876
2019-03-28,3.375802904663737,0.32455758935309803,13.906847335402183
2019-03-29,1.3877914256358919,0.4238937191583458,13.11285676828572
2019-03-30,0.42202214044552505,0.4251495242549741,13.115657868797472
2019-03-31,0.436236000463937,0.4049272562488158,12.604287418933376
2019-04-01,-0.5493018124653628,5.488991844855062,17.2399925577275
2019-04-02,0.4715889349871748,0.4266127907697939,17.285490141747456
2019-04-03,6.430406262108243,-2.245029939987653,16.522594935774308
2019-04-04,0.4644452112308095,0.06156011953533225,3.362336821388716
2019-04-05,0.40595658326789,0.4140653901529591,17.079049027014022
2019-04-06,0.41989947367857816,0.4078638029066097,29.809586606666784
2019-04-07,0.418118354627682,3.37657014174766,15.056860469403155
2019-04-08,0.43424246464318683,0.511359845828876,23.30477875138475
2019-04-09,2.081898123703756,0.4053647676377379,13.27213549229435
2019-04-10,1.8681799609594758,1.2163764373952202,13.168500760676018
2019-04-11,2.39924354555813,0.6998066990569509,14.257380712157524
2019-04-12,5.388385507782551,0.3770395428563495,14.335378353232265
2019-04-13,0.3716610507952724,0.36633590386861303,15.481645623459544
2019-04-14,0.3619009282960062,0.3390246761831576,17.14893199558692
2019-04-15,0.6869665869095514,2.3729579233798628,15.912024274123173
2019-04-16,-0.3184367370878575,0.3284756935967491,25.287608307227256
2019-04-17,-0.6978094868750181,-0.19943398226343545,7.417557756388555
2019-04-18,1.3373511485790843,0.5929222950431736,3.053071792969101
2019-04-19,0.3366813736995665,0.2799788802835341,5.16399826997021
2019-04-20,0.3312647018250793,0.2598204230202841,17.897855873901946
2019-04-21,0.32936701693112214,0.2456368586869842,15.578081703757302
2019-04-22,-0.05302790147243398,0.22040467514185785,18.167938050412836
2019-04-23,0.3342017139815301,0.2073655747322367,18.774497726952326
2019-04-24,0.32633773217255757,6.502310694610143,18.510343266992987
2019-04-25,0.3153014492722244,6.617772238900728,17.537343187397013
2019-04-26,0.3017365239923149,0.08011304035297374,18.380884622533088
2019-04-27,0.276244685358247,0.16986646510450643,14.976085059350323
2019-04-28,0.2642305074162706,0.17395292673246265,16.813794455066372
2019-04-29,0.26096670737908556,0.148714492589658,16.57791851001998
2019-04-30,-0.7494124742597609,0.15277574886389242,6.4273277717795905
2019-05-01,2.5702730631059523,-0.30228165506780874,15.300287198987455
2019-05-02,0.23395496944098731,-0.24652438615272043,16.106891051846837
2019-05-03,1.2204269052673178,-0.07591764907867367,15.716071104090599
2019-05-04,0.21726556624128146,0.1738261702364177,16.961105861968896
2019-05-05,0.21009707950230247,0.18896228240397184,15.250033616840405
2019-05-06,0.20300148824295328,0.19320756913357534,6.9095151409643
2019-05-07,0.19917087624766117,-0.04134281532306386,13.531713767866744
2019-05-08,-0.15795364762453024,2.6205298782121487,15.304401711039823
2019-05-09,0.16952869990861313,1.9663870264583505,4.561528193462289
2019-05-10,1.1545299490639875,0.9199610210997676,12.74277652613178
2019-05-11,0.14050388422535656,0.19258320583409091,14.384097474274807
2019-05-12,0.12951421586540168,0.20575941900354683,15.451504127999259
2019-05-13,0.1166638710999407,0.2425920683214494,15.243494406517577
2019-05-14,1.4502099577556065,2.8293576909480547,26.06445003781382
2019-05-15,0.08014632877770855,0.5554333481140292,16.8675957186246
2019-05-16,0.08576092913140296,0.03179605011910705,24.581566995983856
2019-05-17,0.05665395222546415,-0.047218392944612976,15.948126285620514
2019-05-18,0.07583044240713625,0.19398694796539998,16.09251140121654
2019-05-19,0.0638209710632979,0.19294760665200525,15.919010395316674
2019-05-20,0.057115318931838535,0.25070099169660637,15.117836069688458
2019-05-21,0.6868666667536303,0.7617677120725909,16.786224753406344
2019-05-22,2.034268759266409,3.590491064081228,15.013623523407722
2019-05-23,0.037407348833789995,0.03254791927848888,15.366259549345788
2019-05-24,0.022306453768871356,0.0586868638598021,13.066260597313137
2019-05-25,4.036293714544895,0.14473425752473942,14.064115284550336
2019-05-26,0.018896948295668525,0.14174942686804134,13.855033419239067
2019-05-27,0.014874446440883118,5.201104015478427,2.2600899495468503
2019-05-28,-0.026331920751180737,-0.23777451694465535,4.267711732698928
2019-05-29,-0.02348854325763578,-0.0887411537443091,13.826162719632032
2019-05-30,0.015362928597334721,-0.27041021188886155,11.256551870204014
2019-05-31,0.012115912667705151,0.07945123757694372,18.224236529857535
2019-06-01,0.024212880581135413,0.1027230922460369,15.364909511659707
2019-06-02,0.031261531517619956,0.10143143116893491,16.326602652660817
2019-06-03,0.03787892684257202,5.164802353040616,14.18005249072937
2019-06-04,0.03538675090744148,-0.07632945963013758,15.679875223489171
2019-06-05,-0.2896435307418281,0.10928046900986436,13.789168503556247
2019-06-06,0.05530322841717513,0.6208502430662013,14.54900084004236
2019-06-07,0.04928200793970581,5.009888158335094,17.758110481605797
2019-06-08,0.06278611820270488,0.02257336384732905,15.536904021208928
2019-06-09,0.07753164711939463,0.12102425204407369,14.760596925184068
2019-06-10,0.0845011964161435,0.12795227606000206,18.617043231606942
2019-06-11,0.090916194403609,-0.09766555748263561,17.482394811557278
2019-06-12,0.43508100288787155,6.2084169889676,9.39561152055662
2019-06-13,0.11204810956503042,1.7466287853138245,19.76271260253885
2019-06-14,1.0954068096466416,-0.06127507795025893,16.204199287576184
2019-06-15,1.1115215716606932,-0.09676154551997831,16.122459345481467
2019-06-16,0.1250091882095728,0.13820951383463828,18.042147036799317
2019-06-17,0.1318449608819319,0.15009199415032903,8.223901014991053
2019-06-18,0.13727778584415642,0.8612743285883369,16.727255032344402
2019-06-19,0.15995653362345474,0.2010343774283145,18.87305603113048
2019-06-20,3.131850110503517,-0.11830495344539659,6.052688676637395
2019-06-21,2.129997925501455,1.9108028263477603,13.518189171052958
2019-06-22,0.14325248112167338,0.8638350374906253,17.309646427415217
2019-06-23,0.14631407993730833,0.1187344912498849,14.629892824954092
2019-06-24,0.14623398129384382,0.07613184247003214,14.124263692759655
2019-06-25,0.1458252279526295,-0.07539628128938484,14.732705164756727
2019-06-26,-0.8516584780597973,6.139543858168393,23.66579104225535
2019-06-27,1.1342835777378788,7.0303397210214635,14.871669548386881
2019-06-28,0.14464733212212166,-0.044401822957792665,14.879687718207006
2019-06-29,0.14573759313911758,-0.10609825176930414,13.13720010377558
2019-06-30,0.1437497757716806,0.13552732399514897,13.639594638855348
2019-07-01,0.14414711227379504,-0.2917513275005919,15.611713897340298
2019-07-02,0.14481524932838338,4.127628864821522,11.738532907823952
2019-07-03,0.13918051265783793,0.09942679602636145,14.493227212274913
2019-07-04,0.13441027118260065,-0.08787938196173128,-10.681825762726787
2019-07-05,0.14297739570619847,4.121821125641354,3.846915182686474
2019-07-06,0.14725149445714347,0.056905691203188655,15.171664785737727
2019-07-07,0.14824624652355886,0.15045963307144908,14.293808905265713
2019-07-08,0.14057161373663005,2.4248358993550694,13.784681879637155
2019-07-09,0.14360667556681914,0.20842160171457072,14.820775929106958
2019-07-10,0.12946003852797505,11.077325490662172,13.134553627141347
2019-07-11,2.1189848351407274,0.8523589714412128,14.051385840222773
2019-07-12,0.16626397123342587,0.21223423551782863,13.965361934026943
2019-07-13,0.17342987508551452,0.16186731528161286,11.456890137188005
2019-07-14,0.17599435714239745,0.1612864377518749,12.690732660533147
2019-07-15,0.1574728710940299,2.2835756147877686,8.95999799596766
2019-07-16,0.17185242289641556,3.2005012946062634,8.637859887191729
2019-07-17,-0.7796960620015326,0.12772786160162186,6.583407116469549
2019-07-18,-0.24596627706193225,-0.04535919368877617,0.4872079303544572
2019-07-19,0.2402111892101282,3.1658790308351468,7.303201497054593
2019-07-20,0.25582183108461526,0.21887358422232295,12.592980103599423
2019-07-21,0.2755608689476073,0.2286909432186056,13.118316545850236
2019-07-22,1.301957550404989,0.06958854230577893,14.31787194572718
2019-07-23,-0.05692970644197898,0.1821630523283439,12.851569366651479
2019-07-24,-0.6787315263699412,0.1856307904280821,19.75936633921417
2019-07-25,-0.6069081264492757,-0.16192604979059344,11.155042875620197
2019-07-26,0.3260018432201663,-0.14876644441380182,15.32794326421325
2019-07-27,0.3497753333163611,0.26360401597172683,15.509019002919326
2019-07-28,2.3711855569010374,0.28637097714528137,12.949443080394877
2019-07-29,9.386685799179348,-0.07320384774663054,15.390911151789457
2019-07-30,0.7767523368512981,0.20145199230626487,17.449529469928486
2019-07-31,0.3499128235003576,0.021306887951589304,17.9134990866215
2019-08-01,0.3599342102648575,-0.8391828252245481,22.717689266675357
2019-08-02,0.3819006685469962,0.7825862890485974,-5.196534636875036
2019-08-03,0.45097283063365434,0.3705566279226226,12.589914580730788
2019-08-04,0.48697597040271795,0.40806150196908364,13.791315342060821
2019-08-05,0.5042928623863348,0.3464690029048954,7.287985568106999
2019-08-06,0.5432680561399598,3.2114516307654584,13.953348397844945
2019-08-07,0.575439201333755,9.995235015983214,10.731069654771428
2019-08-08,4.4135381582093585,1.5142926002601722,13.858977635328792
2019-08-09,3.4619589875180248,3.008492129847699,13.277880791500746
2019-08-10,0.6307235655970181,0.3871180336663115,13.411204347677522
2019-08-11,0.6441635748425761,0.5347927037756727,13.878239397109493
2019-08-12,0.6490783456728855,4.528153201956579,15.530008150919617
2019-08-13,0.6832311912453379,0.17073478098563366,14.050041212619321
2019-08-14,1.6270812985905974,1.0726993593471112,11.83926461173341
2019-08-15,4.58370808211394,2.2130142714755108,13.10694749157629
2019-08-16,6.982753066779692,0.18382211695713166,16.82246981452985
2019-08-17,0.6994594555918616,0.10277908502006528,12.70478895501851
2019-08-18,0.7416183107152443,0.5820891926026667,13.242064743384194
2019-08-19,7.761953084536678,0.5773053704206813,14.284895112568597
2019-08-20,0.8475752329200202,2.1178743064695578,15.29328063980773
2019-08-21,-0.2434529466930511,0.08391264699836785,28.952069742382953
2019-08-22,-0.1847453858849124,1.474953301211037,15.446155559367512
2019-08-23,0.8880315106965679,3.4256891907267724,28.82711701422835
2019-08-24,1.7706193332815716,1.8872305530051752,12.10498314347909
2019-08-25,0.7929852276780488,0.4329547896976628,12.316455434829951
2019-08-26,0.8266450586818241,0.5290714406656585,12.272496022991273
2019-08-27,-0.07106347520633034,-0.15728177165689095,8.452224296970043
2019-08-28,0.7604025077880612,0.12444677762143973,12.080806960525763
2019-08-29,0.7360361441007155,-0.9244970132435029,12.857299715554971
2019-08-30,0.7177862582262033,0.39218889438470783,8.90944060969115
2019-08-31,0.7134905350194439,0.7822738614252723,14.496599617819099
2019-09-01,0.7405397957392447,0.20188375655067328,12.584859324297708
2019-09-02,0.4368637731105275,0.4262687795416248,-0.19720958429669722
2019-09-03,-0.2401378713829148,0.7147732623769905,9.30186743352645
2019-09-04,-0.24697315195025543,1.005416405824648,12.119283108088643
2019-09-05,-0.2572466700430078,3.743571816409163,13.389103302708943
2019-09-06,-0.9965596061912242,0.26780607382861216,13.42235820520829
2019-09-07,0.7339863615324025,-0.08865309014895942,11.102083973850625
2019-09-08,0.744465761302879,0.9568447479681813,14.616812731940723
2019-09-09,2.096240626614799,0.33388522918153124,10.801748344616946
2019-09-10,2.7419328774669722,0.6499803753277865,16.3535969779516
2019-09-11,-0.24883965941575018,-0.18117586647896908,4.09701014553025
2019-09-12,0.7422976654566966,0.23623216683791665,8.229900418835523
2019-09-13,-0.5936323756205846,0.054183332975249646,25.009557587902474
2019-09-14,0.7382505145760762,0.17551440669853696,17.27585551840997
2019-09-15,0.7387175475499768,-0.20372298933164013,13.491108483086462
2019-09-16,0.7410024831902517,0.26727034061562943,15.389089217381077
2019-09-17,0.7415683391285899,-0.3646800162796837,-1.0766502546745045
2019-09-18,0.7420964363285723,0.8864189203917171,-7.9299118579293175
2019-09-19,-0.2583541246095545,0.16157710848878618,-1.630131863097489
2019-09-20,0.7428009935159572,0.9781161771750789,12.281996732430608
2019-09-21,0.7417172890041508,0.22744970724951272,14.07951891504294
2019-09-22,0.7416921485239449,1.8912896244045214,14.618490969135529
2019-09-23,-0.5939429163674137,0.20492108541145604,16.707520439507842
2019-09-24,3.7396238843450087,0.8049775318842673,14.17018881546593
2019-09-25,0.74255253939794,-0.10079695594909428,15.090188775428366
2019-09-26,0.7424727521298422,-0.12914316662285605,16.85147493767758
2019-09-27,0.07539982334820856,-0.00770310546549244,17.010172837651552
2019-09-28,0.741666534637778,0.23060777089153578,16.246948350471428
2019-09-29,0.7413472730639209,0.008248914588896112,14.720514461260262
2019-09-30,-0.9305060960891101,0.20596404585593006,16.75230426855697
2019-10-01,-0.25973766408897186,-0.07099456476370865,18.103930676093206
2019-10-02,0.7475413215216029,-0.09457705595447469,17.247583302842706
2019-10-03,2.7398857403621335,0.48283324257413485,11.982539670580692
2019-10-04,3.405234883135593,0.13610846654202183,14.787342282687765
2019-10-05,0.7435990771753788,0.22587482943474912,13.26900440536113
2019-10-06,0.7435316511030559,0.13593831075233362,14.308159302214518
2019-10-07,0.7268753989701902,10.21048509233173,10.105975699801743
2019-10-08,0.7214720783894635,7.089231737596981,11.893898012770057
2019-10-09,2.7465340249547125,0.9714669813250603,10.904431046732249
2019-10-10,2.7725372334470175,-0.05971415199603092,16.34114412091455
2019-10-11,0.7254877255616796,0.26917587526366465,16.191566200521994
2019-10-12,0.7511288238529531,0.2824954536916891,12.586898156638906
2019-10-13,0.7554085506214198,0.29377675815372056,12.422462368859732
2019-10-14,-1.5768967502822913,0.234205862251797,13.606270168241245
2019-10-15,0.7613265610827193,0.2630818861501594,12.894169488894475
2019-10-16,0.7658943349197361,-0.22689032229434863,10.830849953917234
2019-10-17,3.828996283110641,0.6009168855551781,14.02393713598673
2019-10-18,4.780498045984109,0.4438768584650401,9.514429779844933
2019-10-19,0.8048570319395211,0.4830662962283566,12.191649962846718
2019-10-20,0.7998296012130766,0.5151710406901615,13.703270478724479
2019-10-21,2.1549505398602813,-0.089502003167016,24.798742949146362
2019-10-22,0.8295211112774152,0.47165507514941535,13.4172201025623
2019-10-23,1.7693884691944854,-0.632677906922813,18.301878482974665
2019-10-24,0.8693900879919063,16.525418840762832,4.888197472955699
2019-10-25,0.8279747378692107,0.7177747339746207,14.014745866744182
2019-10-26,0.8155279968487404,0.7598006181314644,15.488507381240996
2019-10-27,0.8188578936231515,0.7867649636470494,15.579857210569626
2019-10-28,0.8899407827921646,5.178214895361355,15.24857019067769
2019-10-29,0.8846698020081091,8.716339490167952,13.719042527022477
2019-10-30,1.7532152487443418,1.8547009489505153,10.040545835818188
2019-10-31,0.06136332871900038,1.676944513111082,10.245015898448946
2019-11-01,0.7795713495860639,0.9826674171681589,16.066270804594197
2019-11-02,1.7397610912869057,0.9019649039516715,13.044897955651987
2019-11-03,0.7311179140641646,0.9033129794626387,12.76833589255457
2019-11-04,-1.9865109130040288,1.9805427469195895,12.382459343167454
2019-11-05,2.022300199215217,0.8826624649645731,14.088683913936386
2019-11-06,0.7001303661427607,1.2670511855844715,25.580269323352226
2019-11-07,0.2268012653025296,1.1956441280435688,16.344739930361328
2019-11-08,0.5969080781877811,0.945678811752515,10.37777207435404
2019-11-09,0.6276783776227951,0.8541425879398199,15.413212005287232
2019-11-10,0.598438770466403,0.8261018164835391,13.129089271154191
2019-11-11,-1.8716753016053946,9.7414173138953,14.052596090868786
2019-11-12,-0.047582304141487085,0.8841421510399607,13.577039707343246
2019-11-13,0.9685578927731604,1.3134565697245089,13.81233531799581
2019-11-14,0.3547880323705155,-0.06951459416596556,12.272753615278718
2019-11-15,0.31040039952140686,8.687367999153151,14.067172797461582
2019-11-16,1.442795655772779,0.6944448373908915,12.21015083029174
2019-11-17,0.5565470088127111,0.6871511073121411,13.405240563670485
2019-11-18,0.16392384916063651,-0.21619847502341183,12.053659387185592
2019-11-19,0.16691744269684858,2.8048676851517866,12.51591028254701
2019-11-20,0.1834014221262679,-0.732939163253485,15.71147764657003
2019-11-21,1.3049220511118533,0.42081056599924166,12.494767114556648
2019-11-22,8.731303025388844,0.4425014277798274,22.729527013569506
2019-11-23,0.3295650746379147,0.681172336878922,11.955641641567397
2019-11-24,0.6597993584250492,0.7076731210163562,12.067797921961528
2019-11-25,-2.3317764920385913,-1.3902417963847131,11.174734003891235
2019-11-26,0.6018848605680369,0.8414876257643769,13.820807995467352
2019-11-27,0.3703913525351247,-1.8486311138174436,13.23983052781422
2019-11-28,0.3815193270926116,3.6407429065167785,-2.1415938100317025
2019-11-29,1.0993636574345764,4.4213299835178965,-1.3841098900272364
2019-11-30,0.421198451762179,0.8904918181367611,11.783361966192587
2019-12-01,0.9889450173189225,0.9366587661544791,11.142908393524932
2019-12-02,12.194340059460705,0.9678474674203663,17.330047209713264
2019-12-03,7.154567573883442,0.8104322888556877,10.900344687785573
2019-12-04,0.576059707106305,0.8465134769732106,11.394430072624349
2019-12-05,1.4937394509483783,0.7072807162114263,13.355843540735501
2019-12-06,1.6098345946023451,1.5960014532375402,10.706282028571065
2019-12-07,0.5935346095629068,1.0433573816680446,10.974511750815218
2019-12-08,0.6749927138142655,1.056912327271446,12.05657837497339
2019-12-09,1.8168537507587108,2.74457168284302,10.782024166286776
2019-12-10,1.8275703796547056,0.2511911534931711,10.631869983027839
2019-12-11,1.829278032757149,2.2043654362056015,21.970833431530096
2019-12-12,4.4738143617672055,1.7850166097641402,10.107131483083245
2019-12-13,4.212241208559994,0.734976563874787,12.699209735383478
2019-12-14,1.6604833578481504,1.0757779190079573,11.109988308940865
2019-12-15,0.46309275334388456,1.0750210616477713,9.620465459828651
2019-12-16,4.911976538267438,4.642289573638568,11.899194857929988
2019-12-17,3.018782674961969,1.5901240939233414,12.538322791362585
2019-12-18,6.696123625380259,0.7578338105179752,34.565920068900866
2019-12-19,2.321688138494316,0.8062201395195927,10.630351144864122
2019-12-20,6.7615350918569925,0.8961806790506484,14.048580994836522
2019-12-21,0.47730318135036526,1.1069519228068863,10.806177102146734
2019-12-22,-0.03741918054175552,1.1272995031943376,12.595324599778845
2019-12-23,0.009126959141632085,0.60250680949492,-2.6339177622870906
2019-12-24,-0.7788321916977052,-1.2161275056811838,-5.532891539090293
2019-12-25,41.57330005923424,-3.7052878073545066,8.45663153641627
2019-12-26,0.17344321335335416,1.0430795971511866,5.518101847100444
2019-12-27,0.25722191318066856,0.8688017915922586,-4.5834881985637885
2019-12-28,0.28484518434939887,1.4005486238751974,8.392198189154664
2019-12-29,0.3339565690988256,1.4853509985602873,7.808724324458415
2019-12-30,-0.5952347012331244,0.9222752724524642,1.5988435779652868
2019-12-31,0.41031980119227895,1.1489404300239179,2.2342182082289863
2020-01-01,0.43608263275105136,-2.0450715383348657,6.536818146393659
2020-01-02,-0.5167402983051067,6.447426536322789,7.541554773315477
2020-01-03,0.202907893471267,2.0251794977380086,7.869491886022311
2020-01-04,12.336027215131947,2.0182723333904082,8.678815683645633
2020-01-05,11.913411149424569,2.1238561740880524,9.665829888271862
2020-01-06,7.662062384500502,1.3484608812247276,11.84110637510364
2020-01-07,5.34548826215756,3.3117785334238707,12.039704326372815
2020-01-08,12.36774243555502,2.4400057897332994,19.96950453348724
2020-01-09,8.779059272425192,0.11771680385192003,12.23181681199129
2020-01-10,5.115747795025534,8.392794235039997,8.987818102978256
2020-01-11,1.0943763821337154,2.8093055814369197,11.223149792808767
2020-01-12,1.5271781008229417,2.950703289568675,13.314827338516958
2020-01-13,4.160892613102527,3.4885030945840683,16.488398894834607
2020-01-14,3.0373598654810903,-0.9851698508361181,16.590041865025547
2020-01-15,2.0582087990944617,-5.7381568455693035,15.242539375222234
2020-01-16,3.1066790302627183,3.7813773335488796,18.396553589682153
2020-01-17,6.922795913362734,4.092471341476255,18.639914437632427
2020-01-18,2.4492390048164356,3.5894264088699015,19.564814674695906
2020-01-19,2.1559723625149734,3.691761055978267,15.096152054351704
2020-01-20,2.1297209135060426,0.016224482831325826,-3.0301500264901557
2020-01-21,5.889657330927311,3.7482954960135517,16.433940637092686
2020-01-22,0.7964767545960622,4.094049823831929,17.040681641515405
2020-01-23,0.6001988218815144,4.120059832910692,10.419288606545303
2020-01-24,-1.7579327007681327,3.035178735701189,13.039427330386266
2020-01-25,1.8867109416555452,3.827439679633113,25.09652979153458
2020-01-26,3.102025908863845,3.6988421142120305,15.373367069801624
2020-01-27,1.5308758543406475,-0.8471841542664991,13.364468052478154
2020-01-28,1.958928111371329,7.166199379447344,15.328602989761151
2020-01-29,2.003656427319844,8.115774959855527,13.849790107341548
2020-01-30,-0.7167792975603193,4.493294398539481,18.176115793168854
2020-01-31,2.044706108753337,8.161226483792108,14.866744458648531
2020-02-01,3.395162060971799,3.5196091413988566,14.491188349693397
2020-02-02,1.9327465340001337,3.0589111766998887,16.73608882200387
2020-02-03,1.9347248786316844,3.4592182528150475,13.689569149054401
2020-02-04,1.8637778333590977,3.2089434970526782,14.546450217173483
2020-02-05,3.9808490622091273,10.210127297092274,21.149376425778147
2020-02-06,1.675808518354505,1.6987499478353054,17.03182884491499
2020-02-07,1.5730967130575007,2.981824292764016,19.460457880093273
2020-02-08,1.732279545230698,2.8937176391593287,14.974815546833144
2020-02-09,1.3723782769111763,3.240167569819052,18.70489436757571
2020-02-10,0.6753788200672122,6.961475201234298,21.62658238070911
2020-02-11,0.6501054930139238,1.8947589830505551,10.42626084382062
2020-02-12,0.08533522175320507,2.262777667018954,15.75485028870846
2020-02-13,1.0430503557876163,1.6327089273305808,22.114242230465607
2020-02-14,-1.8386012604286588,6.145334209557879,30.67128608782471
2020-02-15,-0.4999528948909671,8.090211550018157,25.385836615278535
2020-02-16,0.9009812125276417,2.458744631631986,22.43894289834288
2020-02-17,1.5303283765668354,4.498918467543883,-6.27098980314208
2020-02-18,1.4156601094181858,2.397514371282904,23.630177948298133
2020-02-19,3.2860763416314183,1.4031706505945596,27.363579443406
2020-02-20,1.9857604404034042,2.285560782045879,24.159697505629833
2020-02-21,-1.226015099636866,7.397588537325529,24.465286611070102
2020-02-22,0.5174549987654533,1.4460048858406696,28.77045860426263
2020-02-23,0.5045079130827996,1.0333572199645373,21.715678359684688
2020-02-24,0.3722878424883729,1.1094187303199612,24.68922991142396
2020-02-25,1.0909308733017677,0.8842588941520688,8.807882962081525
2020-02-26,0.2560509647333268,10.089826245044398,21.812875705244807
2020-02-27,1.9964280823486824,0.8988042918002328,59.56805192933223
2020-02-28,2.708961005594766,0.6561508842697684,41.32353332324109
2020-02-29,-0.29854006201293887,0.876970427731512,20.22335990685162
2020-03-01,0.13287720699059252,0.7914034514848981,22.15839695698544
2020-03-02,2.138197042140558,0.48006864807718674,29.260548702871382
2020-03-03,0.027830560051608125,7.473138921730739,21.163250390690045
2020-03-04,1.1140307316819598,0.4339968541639556,17.682056361704497
2020-03-05,-0.0044694601111269425,2.698949538467912,18.87239342808035
2020-03-06,-0.018120536557442092,0.38919824450329954,18.921229270406574
2020-03-07,-0.11432608292663973,0.8256906111686428,18.134585891982177
2020-03-08,0.07409722023259757,0.8786386037270197,20.032156394110622
2020-03-09,-0.03522307439099463,-0.32399926457286093,18.022609636597767
2020-03-10,-0.10855524059320057,4.095522897500259,9.829289310606555
2020-03-11,0.005123045336310658,7.962427885727414,23.011539915063985
2020-03-12,0.01060468731265472,1.045485212882686,22.487050088188003
2020-03-13,0.05676673714618451,-0.08499330687007153,21.985598532216567
2020-03-14,0.07288045488022821,1.212325758133977,18.412837290594776
2020-03-15,0.10851397148605359,1.301945766878582,19.11031537194254
2020-03-16,0.0894574422661939,1.7216448033447063,19.823109138407037
2020-03-17,0.7177057448292954,1.8682609783437254,18.565716338983364
2020-03-18,-0.2173894973597459,-3.466207783454265,4.198083603611629
2020-03-19,0.9953384344546099,6.388527048877109,18.00292800661235
2020-03-20,1.1433718488433138,2.4612660649533007,14.649591267637366
2020-03-21,1.2039786674590394,1.5144069265314497,18.8812443132354
2020-03-22,1.1771088847290425,1.8887254728613938,17.25000685625461
2020-03-23,1.1897050979447492,-0.36424139289564317,13.985086447205653
2020-03-24,-0.4730911641864678,1.4822067037759228,20.32004785944934
2020-03-25,1.5576468308212588,2.1182243377511805,18.327288451909926
2020-03-26,0.09202125791470098,1.6978213868107226,14.230213251562857
2020-03-27,0.2023998031236387,6.739908448664846,30.098457471290168
2020-03-28,0.2684214313886185,5.370935196647881,16.83372300800103
2020-03-29,0.2575113293333019,2.075257442069496,17.309694995021115
2020-03-30,0.34729699833113786,3.045399937324576,21.160442346464027
2020-03-31,0.34370645075898454,2.5671844396462924,-1.4393391620804898
2020-04-01,0.3395604859353132,0.05925599479499555,13.855546566071215
2020-04-02,13.143629762926931,2.287245991489838,17.55280044355259
2020-04-03,0.2447696717236189,1.8310714547244222,18.34710346001164
2020-04-04,1.2510967997389184,1.9310109320374136,16.395095075235
2020-04-05,0.24300577068612644,2.1023143089684,17.12666944177792
2020-04-06,0.2577470273836934,4.523053424339659,13.194303674897268
2020-04-07,0.568890524149821,8.30703199852551,12.027828614866824
2020-04-08,-0.6833499818246275,1.5979129462911652,7.794388201255861
2020-04-09,0.22259808038781445,19.71809639529254,29.427539481013614
2020-04-10,0.19622669988179475,3.614288578628275,14.579559189630192
2020-04-11,0.17285316711069632,2.8188111537999316,16.097330400663918
2020-04-12,0.15510643300347335,2.07354194664119,16.10484103345114
2020-04-13,0.13639207916661003,1.4966898824826707,21.062550542021338
2020-04-14,7.780910380002992,4.327429359566161,20.566800352386096
2020-04-15,-0.36296306247403853,0.6357762427920548,21.65305101946028
2020-04-16,0.07952978739552069,10.072977387009116,30.154574706081675
2020-04-17,0.08272315866796298,-1.5100590291447031,26.997700114563962
2020-04-18,0.06165030669958535,9.207685049556853,16.619337486906623
2020-04-19,0.04037735073086386,2.2486362469002503,16.264872591127606
2020-04-20,0.04041996280500262,1.5724068475399595,12.70305541991009
2020-04-21,-0.00923734285917157,2.4619033240800823,12.46962132082535
2020-04-22,3.9511060899820345,2.794762986788221,16.03217588855188
2020-04-23,2.035043446946543,2.643423817450168,17.040382977527102
2020-04-24,0.003696786386018218,2.7661868380250065,18.360429756715448
2020-04-25,0.00038956444303296645,2.6083523105238755,17.13001572416026
2020-04-26,-0.003405116468534943,2.2385532362320495,17.381491410007673
2020-04-27,8.008476857669962,7.690022745699056,22.55170718696482
2020-04-28,1.9943225309049897,5.306498436198929,15.89859203050775
2020-04-29,-0.022543863668853553,5.4326263581745255,9.803368634454086
2020-04-30,7.020124447618065,3.6200365391073195,15.306019407491714
2020-05-01,-0.0050148413013467695,-1.4765249041654591,14.175715311850402
2020-05-02,-0.005253665004783638,1.7433379912846225,19.233292892799106
2020-05-03,0.9979893650864325,1.9014645574595692,19.78159796215072
2020-05-04,0.0013982790656427305,2.900867693532642,21.02566356365115
2020-05-05,0.001532864373382646,-0.1667958382592525,21.59126085232743
2020-05-06,-0.004847798369952932,11.05360393856118,19.5919938533205
2020-05-07,-0.0019083370628377705,9.971470357680367,22.052189782181827
2020-05-08,-0.0019627920870136785,1.202558054199447,19.348790953567818
2020-05-09,-0.0016912065376165593,1.37432230936324,19.697157831119476
2020-05-10,-0.00048689460041556934,1.4005968429772861,16.889158830092363
2020-05-11,-0.00042250179995840945,1.4058627117459352,17.385430263919094
2020-05-12,0.00022619988043518077,0.8832634756339496,18.739221298725866
2020-05-13,-0.00012658941903927363,0.7793538061928447,18.982668920430243
2020-05-14,0.00043736049865863524,0.39516165709032747,27.05010214076985
2020-05-15,-0.00024108753668026063,0.31016504805501843,19.05994066326359
2020-05-16,-0.0002525289535112475,1.160580970397133,16.18219239680235
2020-05-17,0.00026383780091958787,1.1298603324868408,18.017086567471686
2020-05-18,-1.93505379213391e-05,0.02697600705545254,16.3266055211267
2020-05-19,0.00011672075308491453,1.0292813338688482,8.711189592288747
2020-05-20,0.00010607224625194277,11.452766517146157,16.30668122689081
2020-05-21,0.00010612189301149324,1.0933447893438237,16.64817786111854
2020-05-22,8.598488922309824e-05,-1.020451568396538,-1.815322201999928
2020-05-23,5.535325904645593e-05,1.142363369517846,16.345482888967116
2020-05-24,3.240994569304137e-05,1.117094982731891,16.579150358490686
2020-05-25,2.378835488684121e-05,3.4949791627424203,-1.879216769104782
2020-05-26,2.0000008415094412,2.7231579129123724,13.061048468469913
2020-05-27,3.100330209669899e-05,2.429785375934225,16.09269023953602
2020-05-28,3.5045772337786256e-05,1.3252683591999663,17.085991046291113
2020-05-29,3.523254749045555e-05,1.4611967654344902,18.85744115957274
2020-05-30,2.9133187954691514e-05,1.2422067715931555,16.633458130538383
2020-05-31,1.795802252129304e-05,1.2257774909275945,15.525241320256077
2020-06-01,1.4822830049577914e-05,0.8181763069967235,21.146549091723813
2020-06-02,3.1921625680232676e-05,0.29859734160859086,18.944424855168428
2020-06-03,3.51197193257966e-05,0.37133237884592973,14.07079600510141
2020-06-04,7.735401336998024e-05,4.383283123608572,13.938627374635809
2020-06-05,6.025263062700093e-06,5.7608044492436274,28.74610808097457
2020-06-06,-1.3117730502382261e-05,1.253437263696368,14.845851073971993
2020-06-07,-2.8624775006436565e-05,1.117591643268954,14.526915926290838
2020-06-08,7.636177738463575e-05,1.8176665949275423,11.26789636982584
2020-06-09,6.070506978977534e-05,8.875217462278329,14.915307120398623
2020-06-10,-4.225047184737711e-05,1.744307330081975,15.837749402475431
2020-06-11,-0.000324640020493964,1.3620817591345276,12.816061820350038
2020-06-12,-0.00034096544269027017,4.17097871584887,7.408862359486451
2020-06-13,-0.00048654553993597246,1.1713184832513417,13.387532140129402
2020-06-14,-0.000463957418944202,0.914530995475918,13.91604528698205
2020-06-15,0.000382082347721916,1.0133671738281051,12.40644523932565
2020-06-16,-0.0013040555347468348,1.4810887367192291,13.141903811866204
2020-06-17,-0.00041252489117489034,0.684684336764994,9.80256014796281
2020-06-18,1.0000733590453383,1.4666600243415748,16.660566869017053
2020-06-19,-0.0033494135180460105,1.4821423708924484,5.954806264860005
2020-06-20,0.0032384616511905483,1.1458118726001214,13.282739872226731
2020-06-21,-0.00042414158063422023,1.9009102163013185,15.248764209064253
2020-06-22,0.9967031142756703,11.13751496170725,12.795782214483538
2020-06-23,-0.008432399626082384,6.137585000963841,11.868686990038839
2020-06-24,-0.0005352711989838332,3.5984951064457364,17.394041197545974
2020-06-25,-0.0021819103382586472,-0.34373371272081543,14.53096169177227
2020-06-26,0.0012465571775250508,0.5088180243626221,17.727383579427727
2020-06-27,2.006175714719983,1.1933606876573288,18.32839393957061
2020-06-28,0.0008641916287833312,0.9737850572252551,15.578968736018913
2020-06-29,-0.01453921906168678,4.3514704595130365,17.752375063177457
2020-06-30,2.019576417892947,1.0947403442448063,18.622189169996123
2020-07-01,0.012351507580752,1.4675987267779804,14.253490306232086
2020-07-02,0.01341730332955981,-1.207795271113663,4.0490116723538065
2020-07-03,1.0302503896684372,0.48171447075449636,3.951656117842898
2020-07-04,0.03519370069586546,1.3244501890841562,15.061971954850721
2020-07-05,0.03849610673340257,1.2771752226878224,16.620554808159753
2020-07-06,-0.2919491939077697,1.3415457483641302,-0.8179571812620825
2020-07-07,2.0627985628242445,5.552469183338424,16.42732234163478
2020-07-08,0.05859879551126599,1.1584818495234395,20.353348480081145
2020-07-09,0.06547148751751035,1.5440477001056898,18.726835516479657
2020-07-10,0.07731909863231008,11.958216853595042,19.646549307717663
2020-07-11,0.07916451092091761,1.6464656837313076,17.300848255115454
2020-07-12,0.08655977660135238,1.7661031513029657,16.63447911498353
2020-07-13,0.4303262291049067,1.097798913239624,16.237010501810726
2020-07-14,0.11251327116112789,14.904635171969689,17.36243090638212
2020-07-15,0.10709345295153935,1.985508820235173,23.25335974927892
2020-07-16,0.11405677423682184,-3.705802166595192,7.625461822085034
2020-07-17,0.12169251566163337,2.6183207798269823,13.595317787933926
2020-07-18,0.12749651395400893,1.9758148178208987,15.602741261481606
2020-07-19,0.13306438436950746,2.1433823504814318,16.089272359397864
2020-07-20,0.1554689995492935,1.036204177416871,15.256866728520203
2020-07-21,0.1452920184452881,2.4574866336924814,14.8833065469008
2020-07-22,0.14242501753451042,9.182875737269002,14.195839678372112
2020-07-23,0.14344881056739575,3.77654600692697,16.841447758362264
2020-07-24,3.1376174099999137,8.453455667838979,16.8953387294682
2020-07-25,0.1441002692244884,5.289798226953564,15.29109871688958
2020-07-26,0.14405428791354813,2.318328342752739,15.464007314434635
2020-07-27,-0.8501819801934855,4.024005873454829,18.965872243370953
2020-07-28,0.1437743808231379,2.6344503031269864,14.641666957470424
2020-07-29,0.149004851823781,10.370407073116692,15.265773091457806
2020-07-30,0.14317060595740147,3.584303141709645,16.075091475188973
2020-07-31,0.14488894190197268,3.1000871572163753,15.97273533800331
2020-08-01,0.141636352043868,2.418747472703874,19.913955318160184
2020-08-02,0.13980365063130779,2.2898924426504785,19.615911053147677
2020-08-03,0.15368038814379725,2.266643144215846,11.452531638865349
2020-08-04,0.1327738962735408,9.658958611865351,20.289759631979088
2020-08-05,0.1275260640134441,1.5371386903578423,17.838263187172107
2020-08-06,0.12424626676074749,0.9906524540019661,13.906613508387245
2020-08-07,0.1181563908209806,0.642195843313917,27.934424129395364
2020-08-08,0.10731309410944137,5.475676548420255,18.255289346255708
2020-08-09,0.10065329114215534,2.283810740302323,16.823421630385326
2020-08-10,0.43432278657889467,-1.9060604373427412,16.923490287528722
2020-08-11,0.08662542497088987,0.6388445019560278,8.676167154071008
2020-08-12,2.082170792111366,-2.9579058583674365,21.02345731896108
2020-08-13,0.08422904808115071,-0.34135095387766823,23.437233970398054
2020-08-14,4.063689616837318,2.385571378147446,21.44064684091284
2020-08-15,0.06503626142895672,2.742434517678771,14.539365609678242
2020-08-16,0.05940369273576849,2.5990965814613305,16.022757430093876
2020-08-17,-0.3178123639422001,2.1056319666599714,16.148505542604973
2020-08-18,0.02758808584814089,3.068907047766412,13.376506370888547
2020-08-19,0.0388528272124583,4.0156508397656765,15.49669500902864
2020-08-20,1.0480214190151238,3.356428690900346,14.411319862306993
2020-08-21,-0.0027987850740199896,0.5187052733427442,13.38883870201717
2020-08-22,0.028058610319986577,3.0243157868020707,14.364158253876443
2020-08-23,0.027324858727551356,2.903778361447475,15.75514093593928
2020-08-24,-0.0055438734462725375,3.65915544289259,16.066546537843944
2020-08-25,1.0539507877921621,7.570179671077089,18.423942713701955
2020-08-26,0.02374733898268386,3.6116996392295784,13.208429513115675
2020-08-27,0.04263051403653545,2.206171673299548,32.204281546781445
2020-08-28,4.712485389832834,29.724223833500016,16.89810885753442
2020-08-29,0.054576698720534715,2.956706103381359,20.169091521582953
2020-08-30,0.06155539145566739,2.6960517283253718,16.541492288127763
2020-08-31,0.05484528489170805,4.290750143321956,-1.270873769365509
2020-09-01,3.097740553644419,-0.5722057179413766,4.631930605727311
2020-09-02,0.06987097558577135,-0.5546089956259803,29.671489403645868
2020-09-03,0.075797204620146,2.2074438274764234,25.15063944172283
2020-09-04,0.4413589867481382,2.8159593489994554,11.32728271634507
2020-09-05,0.10046933261349607,2.6820889631050746,14.509167767451737
2020-09-06,0.10673661648366499,3.387139293076842,16.25186705950493
2020-09-07,2.112239988728701,-1.0874228635061742,-3.724792532627543
2020-09-08,0.15161940578029692,2.519324116216723,7.665936738726787
2020-09-09,1.1183327227134594,1.9704053054057056,15.800691834322038
2020-09-10,3.1209843398641093,2.4866957363957156,14.475656491438098
2020-09-11,0.17040887450277353,-0.5475881427663022,15.48516651767336
2020-09-12,0.12970185099473472,2.416859940697557,14.952084045456857
2020-09-13,0.12647440333760154,2.1896819708267348,14.476810346658267
2020-09-14,0.11717721271702593,1.8007084174731398,16.097361564454545
2020-09-15,1.117361190365682,-0.4381256056438487,16.484549649821975
2020-09-16,0.10038429788369548,9.560267701347918,6.4756316896311095
2020-09-17,0.11638862292435993,-0.4196232905387743,16.421653021669325
2020-09-18,-0.5633214102433647,1.8356154920194836,15.561108070590041
2020-09-19,0.08844036307699377,2.466092630846572,14.571224150930384
2020-09-20,0.08147979645788325,2.4034638161374544,16.50339057464477
2020-09-21,2.079641120719125,0.1382830684772941,14.47415215987533
2020-09-22,0.06162368751517661,2.685165983109181,4.787594226320968
2020-09-23,1.0606306409758735,2.928169146526143,19.471120633621336
2020-09-24,2.063961016891721,2.918872158237301,17.910699619774785
2020-09-25,-0.28907981279853684,5.062723912672255,22.678749106065414
2020-09-26,0.04127717480681492,2.5854174095829894,17.113721485013834
2020-09-27,0.034383686596161034,2.626640195998985,16.952776648430493
2020-09-28,0.022711648965693856,1.6019500552696302,22.040625863629263
2020-09-29,0.006680940114740998,-1.3614199905663509,19.615507766585203
2020-09-30,0.01651944145435604,6.2316102214295865,15.082075453683839
2020-10-01,4.020098462627995,-1.7459922789107605,18.789029169775294
2020-10-02,-0.014026925198147269,2.847389818225744,17.465737794624143
2020-10-03,0.0006842245349729555,2.672292626408917,21.567121822418223
2020-10-04,-0.0012784723536453171,2.9092866365112555,19.988839203694933
2020-10-05,-0.004345472841489388,2.90073775525273,16.07451249925687
2020-10-06,1.0157959357107003,6.355346892765449,5.047339559742325
2020-10-07,2.9977255472145274,2.9014668595431923,9.06412719253329
2020-10-08,-0.02047476719439836,2.5021528819246717,34.413140541973
2020-10-09,0.9959588030152566,2.4854185331238305,19.06181465150123
2020-10-10,-0.0038643085220160956,2.8322244181847003,17.951801931168617
2020-10-11,-0.004132084135755571,3.3566555338961552,16.406395814620026
2020-10-12,1.0035600945799363,3.613682062684537,18.078349545641455
2020-10-13,1.0147581887582393,3.5072656176083346,16.941037975603837
2020-10-14,0.0019444853935449632,9.579325597104985,16.44022262703278
2020-10-15,-0.013955992429131725,-2.3763497521316643,24.017671829279916
2020-10-16,0.009635513963894102,1.0867348249978974,12.078698580474391
2020-10-17,0.013673960164747723,5.155269069959502,12.812460647247855
2020-10-18,0.02134226391734905,3.699344321573483,14.5734971169932
2020-10-19,0.03244422461129611,5.650806436603204,12.59117799983757
2020-10-20,0.02397183512824446,5.00527997109781,23.252952691440115
2020-10-21,0.04127649371951753,4.302093391307231,16.029923921889857
2020-10-22,0.6910201047583595,4.996667567446402,14.642314240613198
2020-10-23,0.05165377508370707,4.746142215742757,14.536084201964403
2020-10-24,0.06011837439410723,3.4014455236354797,16.269848240148136
2020-10-25,0.06657546082354839,3.9034690248474178,13.769487026992547
2020-10-26,0.07153454357400735,-1.9923425286773062,17.452267232989602
2020-10-27,0.07892877014858343,3.464107563875033,11.021660716486156
2020-10-28,0.09189718735572261,3.9530216413684918,2.819002857000097
2020-10-29,0.4454338518785541,7.580877086361837,3.3110149319786744
2020-10-30,0.09972031922642942,3.278233276301323,-2.97474615653341
2020-10-31,0.10639900391239789,3.548213259948796,13.406405077424706
2020-11-01,0.11588986766177779,3.7087272448929465,16.518673024244933
2020-11-02,0.12442419105894315,3.725257599941907,9.895600785672457
2020-11-03,0.145686540258332,3.837474463646157,29.539908890887055
2020-11-04,0.16933378762445342,6.466988411582256,6.951643755762447
2020-11-05,0.196726428801565,4.201989604597783,14.878283865900839
2020-11-06,2.1945608045255227,0.7072099012743589,17.911393891456015
2020-11-07,3.2043123282654586,3.307261109720297,11.94594149127858
2020-11-08,1.2122572067570976,3.240182970837561,13.453203085829324
2020-11-09,4.462427408903742,6.410957681675969,21.296447991481948
2020-11-10,2.2371660272151033,14.163960392050877,16.87445207181431
2020-11-11,0.2440557248993535,2.746930046091053,16.981141404244056
2020-11-12,-0.4406153126339088,-1.9938934889360218,24.861827174588168
2020-11-13,0.25652198765015255,3.8028970264371873,13.07606287182369
2020-11-14,0.2614572998058019,2.7961238147087197,17.407460929956308
2020-11-15,0.2666351631835277,2.72007185981034,18.138280341217808
2020-11-16,0.9378177829208192,1.7072886662880036,17.664434501859052
2020-11-17,0.2622673236809669,2.530665217481283,25.53801127788416
2020-11-18,0.2842629368070721,10.94341643093875,16.689021481270732
2020-11-19,1.8709024494178454,2.176141731953538,16.9279655571623
2020-11-20,0.3068157295017083,4.669598433607371,18.507402653137813
2020-11-21,0.3072760646941773,2.120961534726894,18.88396401039078
2020-11-22,0.30354670299364933,2.008394900436189,14.247805970646706
2020-11-23,0.348856692814302,2.9615374859926518,11.657011688378573
2020-11-24,1.2554894285082732,-1.8740734261014487,12.113966529774302
2020-11-25,0.24410544911472157,1.646281308062375,16.6341225350044
2020-11-26,0.2598419783786008,0.862990402916467,14.08929251542187
2020-11-27,0.20181455198629789,1.2649387573043065,-3.2411756039199755
2020-11-28,0.1817184423898609,1.3953020467490576,12.69660312569638
2020-11-29,0.15888126720102827,1.3060023504578322,13.689754178295507
2020-11-30,-0.8492329778846857,4.029686567940246,16.315373123666067
2020-12-01,0.10041215805422626,4.772252267913352,17.104119000760136
2020-12-02,0.10495147546562734,14.179952041121476,14.249124652834182
2020-12-03,0.08497001154080251,1.1423469132497808,38.20123894921788
2020-12-04,0.06579875626771853,0.8252924832812387,15.205406091730712
2020-12-05,0.04735515476299984,0.7939266543707142,14.757119530179017
2020-12-06,0.03375073881736681,0.7719981590911157,14.281132602160671
2020-12-07,-0.029170128975230213,0.14105449818952479,16.13703097160362
2020-12-08,-0.0015108159461296872,0.4428324328276375,15.399492018128432
2020-12-09,0.003165047127752063,3.7439716068971425,12.744833091482562
2020-12-10,-0.00042892087678070984,0.3593704600931156,31.73853060997114
2020-12-11,-0.0016174913388248002,9.189687758955301,0.5780380184682818
2020-12-12,-0.002634402621421686,0.43866297053418446,7.725561898524336
2020-12-13,1.0071416044707076,0.4022295221861011,9.667152886566594
2020-12-14,3.9921308178984414,5.301759592369757,8.33797957986891
2020-12-15,1.0019837098026156,5.7093656041703875,7.674766700306628
2020-12-16,-0.005466050614666066,0.3564933665156227,13.21926063263118
2020-12-17,-0.005444652011809767,2.634683746080319,9.053072094800452
2020-12-18,-0.00469832721225431,3.5786823897466475,18.50928863762716
2020-12-19,-0.005662098232047258,3.127990116089962,11.79681004322519
2020-12-20,0.0009967469225842717,0.21274273691883133,7.0531761657704
2020-12-21,1.003576025522548,0.16458323254691332,3.806099783151031
2020-12-22,-0.0006699519664467599,-0.07976954412865446,6.32998738793875
2020-12-23,-0.0025661825133973717,-0.07839920884219645,2.0813872148532884
2020-12-24,-0.002308405952587094,-0.07840089159703628,1.0159000291003095
2020-12-25,-0.0018242123905120129,0.09607614061373705,2.745514898918778
2020-12-26,-0.0011817706247160564,-0.11488642701613044,4.343402368794691
2020-12-27,-0.0011244625487166918,0.13470482963783986,6.312590367090796
2020-12-28,-0.000519025467059583,0.06202821679299106,1.2615824450704587
2020-12-29,-0.000681564816274947,0.05762735183055396,-1.4928328452144068
2020-12-30,-0.000436513495628014,0.8124576624649117,1.6530709509622348
2020-12-31,-0.0004878560979856368,0.25372329013356465,1.5766366356279753
2021-01-01,-0.0027792615320167205,-0.375266108341331,1.696917803665453
2021-01-02,1.0007094411715398,0.9223927330422381,5.222411452449185
2021-01-03,-0.000586035369154499,0.18900035133027632,9.058724251592507
2021-01-04,2.000225071952733,0.14868615929042586,10.482985411570397
2021-01-05,-0.004477787858313639,0.07649097318116485,11.329346938787754
2021-01-06,1.1456620536013165e-05,-0.2028919324743808,11.31259111872752
2021-01-07,-0.004492533850083586,9.659145631359253,14.243621326634713
2021-01-08,0.002793486750099961,-0.2954253525864625,23.543595767497994
2021-01-09,-0.0002987967787480613,0.4017813630740481,11.084143461157964
2021-01-10,0.001344271734232707,0.4418616192964103,10.713283676275074
2021-01-11,0.0029457460297459097,4.1873241934619045,13.559640475493348
2021-01-12,-0.011829230806818497,3.6287210313594622,27.012963553303077
2021-01-13,0.01090679813166089,1.049556584600082,25.534801169854553
2021-01-14,0.015462714742802702,1.1430837544208405,16.130487726874332
2021-01-15,2.0291759793502955,1.3798738225204792,17.043597372327575
2021-01-16,0.0266364385199536,1.116283680588083,16.193651850359707
2021-01-17,0.03847898688850172,2.059359777030619,12.504203331272462
2021-01-18,0.04153136197662151,1.3151949118536819,3.6081861238067914
2021-01-19,0.6754194555391781,9.464356794055442,15.750440275944522
2021-01-20,0.058866926918348245,3.6989503849347427,15.715262720755106
2021-01-21,1.066139640657792,1.5282149342595972,15.291756863480305
2021-01-22,0.07496410468336709,5.567924170492354,19.799694059309957
2021-01-23,0.07769737022372689,1.976126916609481,14.090965459522346
2021-01-24,0.08387544085657334,1.788447498263948,18.14819729545274
2021-01-25,0.08584714175631374,1.2819656602952825,13.481227618447688
2021-01-26,-0.5677276326271786,2.027214898040355,14.821234898725846
2021-01-27,0.10235106875043894,-0.604119651861815,14.58094344807424
2021-01-28,0.1058756741398789,8.17536142556889,13.957675590489133
2021-01-29,0.12116492202468884,5.641071644751795,13.180818167193184
2021-01-30,0.12223722368556761,2.1970919200445747,16.46181884487673
2021-01-31,0.12819700791100486,2.246658463947489,15.177005635923054
2021-02-01,1.130829224632199,6.134337257120588,19.42982133036236
2021-02-02,0.15377125461949792,-1.0082496942632493,15.807641530090082
2021-02-03,0.14354448082034643,2.9599694523788944,15.360770408767838
2021-02-04,1.1418646441574831,3.0683049487262206,25.694665263627957
2021-02-05,0.144395401193481,0.0020909897559560214,41.30705735169305
2021-02-06,0.1442579890296283,2.478574153965817,23.141549874629376
2021-02-07,0.1447083331984609,2.7592454043214136,19.719108117549375
2021-02-08,0.14077544571293074,2.8846524794845054,14.910477593868235
2021-02-09,1.148066735253249,-0.8090629091358232,29.576402696947987
2021-02-10,0.1440559627422958,2.2466187569693292,18.84802112960931
2021-02-11,0.13980300222339537,0.9142425868633792,16.854170382836514
2021-02-12,3.1434653514392235,2.943264914532694,19.552352345558877
2021-02-13,0.14559940542700728,3.554476033649106,13.934636125499893
2021-02-14,0.1452372990697129,2.8219874229489816,17.658193344620802
2021-02-15,4.14904636750136,5.122930669931792,1.0335877599887158
2021-02-16,0.1487864081695297,2.9770131474792105,19.78476180636771
2021-02-17,4.139394345474292,3.1582230652076992,19.58887818443169
2021-02-18,1.1416641963365297,2.909172757886319,22.901908095181795
2021-02-19,0.14428901571651842,-0.11906684231127618,19.4061592830768
2021-02-20,0.14236183214598655,2.6300126177596987,22.297280569109773
2021-02-21,0.141300606660648,2.903087110284533,20.096138823186855
2021-02-22,0.14162603745808178,-2.6085655813124404,25.03407583942065
2021-02-23,0.15241220688943502,2.8880554540841654,19.23128550659369
2021-02-24,0.12948954982235827,-0.8103471938531261,34.57398703006028
2021-02-25,0.12191540840642774,5.773569596931356,29.747897669677073
2021-02-26,0.12067130492071361,-0.010053170238629505,22.632706413038708
2021-02-27,0.10957915732845591,5.906909445441135,18.07849468691192
2021-02-28,0.09704910417704281,2.8434728237255524,20.030860363871156
2021-03-01,1.0936440112741115,2.971700582686497,16.46071920368525
2021-03-02,-0.506086815294708,-1.3235064000030594,23.117276402991553
2021-03-03,0.07700409280554892,5.40584054753783,31.12367508100825
2021-03-04,0.056522897050175366,5.961971182031871,19.09748456670194
2021-03-05,0.07380247228469383,3.0230820852222684,17.74081747177852
2021-03-06,0.06911883525754946,3.0658181674536866,25.19786764780627
2021-03-07,0.07303204423978372,2.5185864415577837,20.174016251666963
2021-03-08,0.027759015915718457,3.1345579962723047,21.32652475297383
2021-03-09,1.7217728950942126,15.500261606075139,19.015289362510718
2021-03-10,0.02701139964170366,9.12147906694591,20.11042655500379
2021-03-11,4.109520213616036,3.635993413544676,20.71457185410489
2021-03-12,0.07959611629947162,0.15368101567594294,9.061914429644501
2021-03-13,0.084735855936524,2.9566712921468135,18.728550150365407
2021-03-14,1.1060629640105701,4.216021398034515,18.956835942382476
2021-03-15,-0.5637677356108043,3.309935137977367,20.78802445284379
2021-03-16,0.08362217650994094,2.995504245116738,27.52891255201277
2021-03-17,6.125442105389222,2.819691505226585,21.35909941212796
2021-03-18,1.158469717570245,1.7457512337446024,16.988335282793507
2021-03-19,0.1411882140801131,5.887480490057822,18.60954172884029
2021-03-20,0.1552296198591558,2.100695791467195,17.98834345122254
2021-03-21,0.17877160651226331,4.531203094037426,20.748875970070188
2021-03-22,-1.1302296806164205,2.382684590010297,32.56905550286858
2021-03-23,0.19680159946390768,1.1753728593244865,34.19489709323388
2021-03-24,5.211397130382386,-0.1413362082559228,7.183175217151282
2021-03-25,0.24459017470300187,0.23816763984107148,25.797655254071177
2021-03-26,0.23624710272431415,14.351058308544339,19.26028145392045
2021-03-27,0.24937769588771674,1.9260689182917292,20.911886792635418
2021-03-28,0.267534777499027,1.5251233874248602,18.19828468578761
2021-03-29,0.30422008178215454,1.3334986810059992,19.86569996991405
2021-03-30,0.2830196455527239,-1.7925925988945037,19.35578724838288
2021-03-31,0.31042780969868367,1.4209443951217708,18.27565381172001
2021-04-01,4.270315337769883,-1.7425684556093717,20.163072544116076
2021-04-02,0.28149590328372653,2.1757770466484923,26.52779193873718
2021-04-03,0.28293171694505115,2.660765359102303,20.964279322028556
2021-04-04,0.289125584734217,2.433514795128411,21.210505876565342
2021-04-05,-0.7152700200567508,1.6079824839376087,17.346312539351466
2021-04-06,0.30757401173093846,-0.41853792898633024,20.906776526905528
2021-04-07,0.29470988617656,3.503771591816961,21.089919762047806
2021-04-08,1.2698467194367122,3.8182854524040604,23.199855751340728
2021-04-09,0.2889758825207365,3.822023017602694,19.951964946655295
2021-04-10,0.2895764622974636,3.4261983152351503,19.640715348921265
2021-04-11,0.2867847897340988,4.041106068158946,20.927925048227763
2021-04-12,-0.7216715414810502,3.4446930138814307,15.950324570309702
2021-04-13,1.2870531602837865,3.653277976484178,6.584232417739175
2021-04-14,2.2906493125702907,-0.3483091636881279,-1.6128235577486123
2021-04-15,0.2791054954464756,5.8239435453083015,12.615559975344665
2021-04-16,0.28833055254105394,6.41021989979436,6.624066197911866
2021-04-17,0.2881679995724696,3.7224278404989084,18.78015030239503
2021-04-18,1.2904908297673598,3.324929009030754,19.168995303037537
2021-04-19,53.275753277702215,12.199405419248194,19.64683805795551
2021-04-20,12.287861681768149,-3.2702098226299396,29.076322908522442
2021-04-21,0.2876131303896251,6.067849484327113,22.702580432320193
2021-04-22,0.28507163428631727,4.068885397568426,21.232067466072685
2021-04-23,0.28672494994310876,12.769065667920119,30.43721132303802
2021-04-24,0.28612009394504717,4.161824397174396,18.952889838612155
2021-04-25,0.2929707822855186,4.7635104064122995,19.74079613197794
2021-04-26,-1.7263214829839446,5.004918975182553,22.201778763571504
2021-04-27,0.2886674205792085,4.8563080934278595,20.705426864720916
2021-04-28,0.28520886880618984,4.614358309023566,19.140190530223098
2021-04-29,0.2891261023718074,-3.6292563680908128,42.87563717244028
2021-04-30,0.2853431078719212,5.160400187206231,20.482130812938866
2021-05-01,0.2844904876583651,5.583214515175897,22.125000838994676
