,apache/couchdb,mongodb/mongo,apache/cassandra
2019-04-02,0.5937612375788043,19.57068406410257,-0.025118235223448384
2019-04-03,4.598198455027769,19.360183094399012,-0.2814420874572985
2019-04-04,0.5842889621337539,18.776394893355697,-0.4471525535359352
2019-04-05,0.5706068660819914,16.889923737263032,0.12381419533745658
2019-04-06,0.5428275742715628,19.80051451542794,0.13371960701519223
2019-04-07,0.5253657050353365,14.674268808604747,3.34180906977828
2019-04-08,1.4439209137546154,16.184427963966566,0.11565206886863733
2019-04-09,2.1881670027911753,14.683481861000223,0.054003824401644265
2019-04-10,0.48818878738120564,15.081853568829844,2.6860982172652137
2019-04-11,2.4809332105472004,25.45334170054351,0.5425018550146246
2019-04-12,5.459434873070784,14.771391692401778,0.1328893988086839
2019-04-13,0.4419391203341588,8.375610272054335,0.14627247743755156
2019-04-14,0.4261037664650346,16.12441201789931,0.26894992709335985
2019-04-15,1.3687535709704446,11.63661232134987,2.1189351424016953
2019-04-16,-0.20138812396665798,26.018790216409855,0.11610372059028826
2019-04-17,-1.6208902672787986,8.767870768044219,0.6787148866047527
2019-04-18,1.3816962304543197,10.150875852235085,0.5687418537698854
2019-04-19,0.35490217066630997,5.701589738190297,0.11848629055335572
2019-04-20,0.35221628149872425,13.790052870866424,0.15078295446336173
2019-04-21,0.3402598227963728,14.515108568032907,0.20105037673654083
2019-04-22,0.30627846155131255,15.99706176180237,0.11963903560092021
2019-04-23,0.29313051026117865,18.459425688761037,0.15790454742899324
2019-04-24,0.2820438951184201,19.5507285318242,6.653026630375974
2019-04-25,0.27423223230718996,20.925206633623063,6.67773580159159
2019-04-26,0.264651029585343,18.698442394335697,0.0652911408213127
2019-04-27,0.2728154977552211,13.790598181554335,0.1420051764802292
2019-04-28,0.2649113845346857,16.12232787638136,0.1409519178982286
2019-04-29,0.2534456978053769,16.118541272262732,0.11882210042607272
2019-04-30,-0.7519306167130971,6.138386649626529,0.11542925109190547
2019-05-01,2.5637413133100275,15.905235698151344,-0.3001523770709154
2019-05-02,0.23185920569920002,15.539420996069381,-0.1001939673355587
2019-05-03,1.2187169306014998,16.182664298588996,-0.07487081369388171
2019-05-04,0.21939355044562528,16.755145008568032,0.14059815914173934
2019-05-05,0.21182778829711565,15.270638566785436,0.15097190313148287
2019-05-06,0.20320675654235879,7.009244755025078,0.15618794299904007
2019-05-07,0.20346413097303218,13.484980177162077,-0.07334251257313688
2019-05-08,-0.160759371584015,15.392267315473184,2.616425196834388
2019-05-09,0.17008613912326623,4.234935146113447,2.098860475175731
2019-05-10,1.149824631903129,12.85989394637999,0.9299776905445023
2019-05-11,0.14156821115079635,14.452859190002862,0.1583928901694351
2019-05-12,0.13022966191486054,15.547097945290558,0.16932126287500282
2019-05-13,0.11754105795574417,15.452029881110102,0.2068041707727347
2019-05-14,1.452610470299233,26.071531087039965,2.8084904308404526
2019-05-15,0.08177071975482575,16.90033137016212,0.5499198673504362
2019-05-16,0.08761830795514482,24.275164410263063,0.1459411060796637
2019-05-17,0.059047592668496025,15.999079698258623,-0.045201410688870056
2019-05-18,0.07858358094105086,16.15751809500114,0.1649654664815566
2019-05-19,0.0675180073138269,15.9932253204749,0.16551975121305226
2019-05-20,0.06134797427202316,15.247419551071244,0.2427488840399542
2019-05-21,0.6552376947953757,16.825602827507126,0.7581203946643036
2019-05-22,2.0396112371313215,15.09353780529559,3.5818218272507334
2019-05-23,0.04116621948956754,14.8411576437692,0.08775764855098885
2019-05-24,0.024314730840857227,13.131699982390709,0.06096927510065296
2019-05-25,4.03777621753341,14.136566162483167,0.13342324887811227
2019-05-26,0.02042909321588197,13.918026631964914,0.13210026324073082
2019-05-27,0.015955652399234792,2.3117891921904374,5.17699537580036
2019-05-28,-0.026855174707480254,4.2884313267396195,-0.23233974258537457
2019-05-29,-0.01959616583745593,13.913742380649738,-0.09093578571604734
2019-05-30,0.015494466004400916,11.12101415659361,-0.23499184919250213
2019-05-31,0.011348023644449822,18.18920086479352,0.07180408677125824
2019-06-01,0.02340032246474254,15.3422014460367,0.09127472033282816
2019-06-02,0.031344396246450315,16.293529981616185,0.08555600520036344
2019-06-03,0.038162601174951086,14.11926774827397,5.130191150297215
2019-06-04,0.033321854498031205,15.614743780869079,-0.08391508814873887
2019-06-05,-0.28700235195214163,14.311811611881899,0.08504783884357826
2019-06-06,0.055375625579262316,14.432293191924892,0.7540193853213218
2019-06-07,0.048251180778686634,17.655419964415515,5.036707408287153
2019-06-08,0.06254586307818757,15.446346834597314,-0.0017496279757578939
2019-06-09,0.0774684676814806,14.67732135829219,0.0825233521567762
2019-06-10,0.08445220599919046,18.512333811765835,0.07305951104410428
2019-06-11,0.09046408729051669,17.384362142926957,-0.11643457869816573
2019-06-12,0.43640124332105756,10.023113437666767,6.157050503613299
2019-06-13,0.11092816003960829,19.638036214675292,1.8523344700202375
2019-06-14,1.0955998934652242,16.096484599305935,0.029335417114531023
2019-06-15,1.1115757836424214,16.01551075047609,-0.11467330853170606
2019-06-16,0.12490088165995071,17.939080621783415,0.09007947726439354
2019-06-17,0.13172144075614203,8.110490504636115,0.09330283211884283
2019-06-18,0.13718112025139895,16.62203500420781,0.83786394583396
2019-06-19,0.1593879151072608,19.538382743039794,0.14523569930686936
2019-06-20,3.1319193540597046,5.92251409490439,-0.03390672318512715
2019-06-21,2.1302619075073173,13.41764834504049,2.020459827403862
2019-06-22,0.14328419176968213,17.212521915015365,0.8569341832964139
2019-06-23,0.1463339511335358,14.543178572172453,0.07267384549659364
2019-06-24,0.1462645597087374,14.025095107384754,0.05696223366772127
2019-06-25,0.14589066431508893,14.665840395431683,-0.12109850094486173
2019-06-26,-0.852020384603342,24.137706411238085,6.0882727023043
2019-06-27,1.134323726773507,14.779076510237237,7.038394998259621
2019-06-28,0.14452354666008463,14.830679909098343,0.03598909520143571
2019-06-29,0.14582595509901725,13.09539562044354,-0.1404121024737286
2019-06-30,0.1441953040228312,13.608608978382522,0.07011754150032083
2019-07-01,0.14359418991184267,15.583687838336582,-0.022447257355155292
2019-07-02,0.1442757927341071,11.732328390032826,4.046058820123767
2019-07-03,0.13879724785203795,14.48328586810588,0.05196191331938541
2019-07-04,0.13394153353430932,-10.700002833862284,-0.13283826845753488
2019-07-05,0.14329834505738762,3.8763566945849828,4.102028591022808
2019-07-06,0.1480147079597035,15.181975279155038,0.013547977719413816
2019-07-07,0.14942790324961028,14.310367036626925,0.0975764229007448
2019-07-08,0.13919760243041931,13.804302069623859,2.672254653920434
2019-07-09,0.1424338113540371,14.851676181076098,0.14636709471465306
2019-07-10,0.12878056525926673,13.033364728557,11.047288155612167
2019-07-11,2.116508900544884,13.9363290511778,0.8278455988674511
2019-07-12,0.1672853694089126,14.047426103380843,0.1461032636120965
2019-07-13,0.17514161110220894,11.528128672647068,0.10921861690396993
2019-07-14,0.17726722784327886,12.78078426086427,0.11125682252233557
2019-07-15,0.1568523799061254,9.077912096502503,2.5687200460350685
2019-07-16,0.172884644273947,8.768040408850347,3.1532558492462095
2019-07-17,-0.7709275926009724,6.515410414128107,0.09476724726302922
2019-07-18,-0.23967511581999035,-0.30921648585186556,-0.06849733022576208
2019-07-19,0.2493849797405207,7.511948696557609,3.110315005163936
2019-07-20,0.2659836038403703,12.773947820734161,0.17565317637179578
2019-07-21,0.2750728760545157,13.316109616803917,0.18855751404824048
2019-07-22,1.2855815370628645,14.6176378766629,0.2240579618318106
2019-07-23,-0.09878444682737784,13.083553699376472,0.18117206521137671
2019-07-24,-0.6699458429247795,19.72079636259221,0.17222457302706598
2019-07-25,-0.5775573897329851,9.864030186290254,-0.17459838929756852
2019-07-26,0.3526627356879274,15.540310119404747,-0.13930574207556834
2019-07-27,0.35629545685296626,15.73776968686003,0.24170013374258018
2019-07-28,2.3543611928481414,13.178329083195303,0.26493576055486756
2019-07-29,9.352239196422,15.782190237005363,-0.06776676609467391
2019-07-30,0.7274308058626171,17.65555603938506,0.243701347439506
2019-07-31,0.3973534374417198,17.878524679924904,0.06452252799820851
2019-08-01,0.40338251310785334,21.696780392342305,-1.0062799104107956
2019-08-02,0.41336451721256473,-5.074325653660475,0.8912856896267997
2019-08-03,0.4137199822456625,12.753499335993647,0.3486221743195408
2019-08-04,0.41534778493032765,13.955503990807847,0.373745307625655
2019-08-05,0.4153780103839065,7.6103225682714,0.2601791103025251
2019-08-06,0.4139637795073654,14.102309123998618,3.389901595679492
2019-08-07,0.42182756833220714,10.839361010126733,10.01373003673901
2019-08-08,4.381865547961298,13.049650624666793,1.3748630937703887
2019-08-09,4.446281354224693,13.30281212661448,3.0972970413776615
2019-08-10,0.4641652116663622,13.502083224535887,0.47938357604258747
2019-08-11,0.47579128199059384,13.965092857124073,0.46539204834105374
2019-08-12,0.4876797336596988,15.755113498185882,4.411725710419275
2019-08-13,0.5084247284200653,14.12065390341317,0.4901863925310673
2019-08-14,1.5328175427983228,11.840906845479884,1.0879851803321374
2019-08-15,4.564529395469016,12.894306784401365,1.6328205984291797
2019-08-16,7.574577045541608,16.77691064412815,0.35040235033895106
2019-08-17,0.5766452851867406,12.715117741086498,0.39402632644452995
2019-08-18,0.6001352288976379,13.261384584987443,0.5483133707360142
2019-08-19,7.6212489000780534,14.341764145373183,0.5009330349814658
2019-08-20,0.6458852585772521,15.320908969415687,2.4909439772650592
2019-08-21,-0.3458698100006079,28.950528967207656,0.151256505088626
2019-08-22,-0.24085524218775162,15.438188312587998,0.42926685445198043
2019-08-23,1.762472827671256,28.812235898104227,3.595627079279264
2019-08-24,1.665944746430228,12.083847624384719,2.2620742698642395
2019-08-25,0.6826232265107297,12.304585563821844,0.44423482578598533
2019-08-26,0.7258372772381514,12.226879607576095,0.48997756513749574
2019-08-27,-0.2351107074176111,8.480121553674158,0.1638047896264665
2019-08-28,0.7412987187371143,12.089868069829974,0.15367913005936282
2019-08-29,0.7486098489883724,12.980110621871313,-1.6387469388012272
2019-08-30,0.7546252374842488,8.91819356563051,0.5127971082233479
2019-08-31,0.7239302282759581,14.445250025295824,1.1314037592513007
2019-09-01,0.7346907289659457,12.53496544151925,0.22370585730866702
2019-09-02,0.40655082788683705,-0.28256041936810794,0.43627017638204985
2019-09-03,-0.2967124657908076,9.268620392984484,0.8608348624789317
2019-09-04,-0.2521096103760213,12.141247935441271,1.0399472422768352
2019-09-05,-0.248527364346929,13.630568786191688,3.1637916372322943
2019-09-06,-0.9170577485761454,13.425655049853132,0.3588064540476848
2019-09-07,0.7504704245110346,11.022083941832785,0.044825937158461074
2019-09-08,0.7440665155678474,14.519788792719254,1.0627714490950113
2019-09-09,2.0696174488849617,10.67364265011627,0.34048151336112703
2019-09-10,2.745126045030834,16.28702258071847,0.6469885237160784
2019-09-11,-0.2609015870020624,4.101069639653512,-0.17987133403880554
2019-09-12,0.7429108003055017,8.680487550712328,0.18491727886100806
2019-09-13,-0.5919207404766911,24.995014055328973,0.059471725672653485
2019-09-14,0.7435554065008128,17.190620447255547,0.1572586884036786
2019-09-15,0.7429113568675925,13.37770264672403,-0.041528482266384247
2019-09-16,0.7415305884731284,15.238113363842567,0.23562414399296142
2019-09-17,0.7411183764368752,-1.1455077218777365,-0.39845745702792407
2019-09-18,0.740916171391738,-7.9225664686415005,0.8662019998495665
2019-09-19,-0.25813356852680097,-1.2683570480070099,0.11308648035768876
2019-09-20,0.7400018610568853,12.279483216517434,0.9814562911429233
2019-09-21,0.7401207550417536,14.021723350830337,0.18938200728687313
2019-09-22,0.7392487393394659,14.551723135356013,2.0350520192022685
2019-09-23,-0.5943439688016835,16.66383289768646,0.16555512925295687
2019-09-24,3.7429265369924445,14.139285242290253,0.7784505937757625
2019-09-25,0.7353225446821783,15.107806326985624,-0.11186084117017728
2019-09-26,0.7345251881452666,16.823410096410484,-0.16772115593076015
2019-09-27,0.094640655090117,17.023848986851142,-0.016441306190606915
2019-09-28,0.7419392630354756,16.243271699819758,0.19461004439716534
2019-09-29,0.7439693846502916,14.713213742213485,0.14897770103594027
2019-09-30,-0.9371166195336378,16.760095837189766,0.1745091091398265
2019-10-01,-0.26242925588611726,18.105602836683833,-0.08530237773304641
2019-10-02,0.7221409732414541,17.253578937584457,-0.1024293984564851
2019-10-03,2.7195548115418733,11.985904459574442,0.45704399284542896
2019-10-04,3.4415020885616485,14.792541039812708,0.12725360789522444
2019-10-05,0.7675134605189822,13.271289603446387,0.21224070341458076
2019-10-06,0.7697941363585268,14.312173798570598,0.18354720865302812
2019-10-07,0.7103678215051374,10.133748308910182,10.208157654455569
2019-10-08,0.7242396602023027,11.892134547458086,7.10044936120769
2019-10-09,2.7088661522325146,10.883381969653051,0.9374116094748317
2019-10-10,2.7251972961475,16.3258849218495,-0.06445073675778268
2019-10-11,0.8419597208202,16.192009496446442,0.2780130455417757
2019-10-12,0.8923474019047972,12.593191705273405,0.29789562781091566
2019-10-13,0.9275158589148744,12.429033899819888,0.31630422734477787
2019-10-14,-1.0990992108406026,13.625068714581168,0.2771527593159153
2019-10-15,0.9625606390660189,12.897364554883413,0.3119302073397739
2019-10-16,0.9744398110912471,10.795905135959131,-0.4246116301288745
2019-10-17,1.2017893309838672,14.03173953859195,0.5896485365149178
2019-10-18,4.997513673387174,9.519378132462602,0.4674994600115173
2019-10-19,1.048504053322203,12.197400371777414,0.5055571102009304
2019-10-20,0.9437951588630903,13.70824177305586,0.538683283972354
2019-10-21,3.724814958780142,24.807071532285686,0.06739680999840406
2019-10-22,0.17611062006752187,13.421199591439638,0.5156524526869588
2019-10-23,1.4549987290722313,18.265468180958095,-0.8656991239385267
2019-10-24,0.7371529136842715,4.89560488021182,16.513841679939716
2019-10-25,0.6249307307472015,14.021739162586996,0.7327618226649509
2019-10-26,0.6524677596859279,15.491370402008807,0.7732222785425087
2019-10-27,0.5917940675471843,15.581238394479096,0.800306285721964
2019-10-28,3.5264129070118164,15.243966527983172,5.318570655368164
2019-10-29,-0.6260546420124578,13.718830914489947,8.737251331617415
2019-10-30,1.496791246235455,10.031956084629881,1.6516249340941473
2019-10-31,0.2043724199876292,10.255650936047846,1.6461385608106072
2019-11-01,0.4882678233237412,16.080835273072754,0.9564314180333565
2019-11-02,1.4816013067752438,13.042625143665184,0.8897187860827868
2019-11-03,0.4549470933898771,12.766404312464966,0.8898450007174165
2019-11-04,0.45224437069920176,12.378191764780295,2.402925911131409
2019-11-05,0.44868838157635005,14.087481836121068,0.8609445958068547
2019-11-06,0.4361123231431838,25.563731991510927,1.0128864264164357
2019-11-07,0.28507608073136304,16.342514603349763,1.1683692018377245
2019-11-08,0.4170788381353447,10.39802544470619,0.970700350623129
2019-11-09,0.38886628238707854,15.409096822545045,0.8981284487267125
2019-11-10,0.4362495441960464,13.12627486268873,0.882356629219669
2019-11-11,0.3469248463693256,14.050254560603921,9.841201952968317
2019-11-12,-1.341861566477773,13.575367222761002,0.9050460046003149
2019-11-13,0.3311696450602083,13.816419381617084,0.7621106709598306
2019-11-14,0.24787941782079315,12.268981331703065,0.006324424543490402
2019-11-15,0.35083150682407466,14.090748874491387,8.787122507582234
2019-11-16,1.599381848651439,12.215732275460068,0.7578790939780882
2019-11-17,0.4772274994407881,13.414007577822137,0.7414866773332862
2019-11-18,2.0954668343813956,11.992349111509254,0.0769645579746776
2019-11-19,-1.2745912365537653,12.528225268748583,2.8048585506478867
2019-11-20,-0.3951867928716376,15.707287256498276,-1.1849363103781054
2019-11-21,1.1886421981699056,12.504897466689682,0.48187427653378484
2019-11-22,8.34866651514191,22.752870396100423,0.525930500223487
2019-11-23,0.7365305840672909,11.977322336699379,0.7324246659824347
2019-11-24,0.36584212731355625,12.091005150539258,0.7530581550525672
2019-11-25,-0.2979106283968961,11.051092437151432,-1.2886618737064872
2019-11-26,-0.2625049650157596,13.845191938239884,0.8501001622229541
2019-11-27,-0.1395886427932066,13.265892680900743,-2.148329116418915
2019-11-28,0.09751687766790784,-2.1266727829158496,3.706076868816676
2019-11-29,0.43858743681648865,-1.3692525924937424,4.499718614826442
2019-11-30,0.9269738953123877,11.806386499880807,0.8956989992731971
2019-12-01,1.721756391670265,11.165120491713049,0.9268568691096762
2019-12-02,14.222288434877411,17.184899053825,0.971791724359381
2019-12-03,6.82433115017239,10.920110646850075,0.7383567191293576
2019-12-04,-1.3512783608510006,11.460086857243738,0.9485091274763553
2019-12-05,1.2799205742131048,13.36395741661017,0.7091506595526856
2019-12-06,-0.9695030564196404,10.731697869943302,1.57748053672836
2019-12-07,1.1456415725581954,10.9918371458914,0.9769590691527927
2019-12-08,3.7756031401390615,12.07393855982864,0.9863849654712813
2019-12-09,3.854548354044335,10.67331055487151,2.9542507580433983
2019-12-10,2.0332582360636646,10.650713937264193,0.09315889881499384
2019-12-11,-1.5120262782281206,21.988069126660918,2.4078862663430325
2019-12-12,5.119830951616412,10.117847255058587,1.7462535685970515
2019-12-13,0.5575144344854714,12.710935869583688,0.6551658225319856
2019-12-14,2.5403783616776794,11.10870641725293,1.0030768110059634
2019-12-15,2.8814449133900193,9.611902284833448,1.006175021538656
2019-12-16,6.925911516646373,11.882741988581984,4.84594639971265
2019-12-17,5.090912458256839,12.577103710815077,1.4491845173652282
2019-12-18,2.118361093953284,34.55284139603431,0.8779289097532263
2019-12-19,3.7613771658034048,10.611083815332004,0.7787425853763769
2019-12-20,1.9095580786840385,14.020942787710919,0.8378318738170332
2019-12-21,1.7913010115909602,10.769565153201198,1.0398793108892297
2019-12-22,2.5339075418268373,12.545589267264717,1.0608767872078466
2019-12-23,1.9231161192489776,-2.487437338066859,0.9287757013395488
2019-12-24,1.736647320215101,-5.455952847290474,-1.3226841141223538
2019-12-25,36.52087973154821,8.395061415966355,-3.714283367931697
2019-12-26,1.7472574195891668,5.473543081432893,1.062270055671374
2019-12-27,-4.090615400865105,-4.614663869644664,0.8482541682372647
2019-12-28,1.8045493816528269,8.338594613242797,1.3500055052622535
2019-12-29,1.8977067936903929,7.748678504549385,1.4340648147088824
2019-12-30,1.9911397464576006,1.7867289849665715,1.0941959473924125
2019-12-31,2.088000998955346,2.348744388091143,1.160858859840465
2020-01-01,-5.019128461688553,6.440912194702912,-2.1738722926429723
2020-01-02,1.5761767794373769,7.499336836150484,6.356537155030042
2020-01-03,-2.9389487068335796,7.858074438605984,1.9550626141293934
2020-01-04,13.83399831932935,8.63936098772826,1.8877056734820161
2020-01-05,12.933988149904923,9.627028563632576,1.9737337643666908
2020-01-06,10.035974676334545,11.911857571748975,2.091521593588376
2020-01-07,6.458848362884658,12.089519242495026,3.3840178935571923
2020-01-08,6.467302187536926,19.900906280283596,2.192349975080095
2020-01-09,11.43825094752639,12.243724374463282,-0.0821164133593971
2020-01-10,3.252472175285881,8.991560297768235,8.189188054631735
2020-01-11,2.685885493152168,11.19996838875269,2.560965898091102
2020-01-12,2.0325798013834255,13.288669423754262,2.6926897648466284
2020-01-13,6.1647255482567385,16.546837691009816,4.942914612348922
2020-01-14,2.944603602557851,16.609270287818617,-1.0168294218189087
2020-01-15,-3.3213914638573065,15.183662155715153,-5.929846498813587
2020-01-16,6.496821277772199,18.460751007259077,3.4784281727380106
2020-01-17,6.552343838515179,18.639311186030298,3.916433807587022
2020-01-18,3.7916551132815557,19.54607977159784,3.4230476663041807
2020-01-19,1.605104721343475,15.083370349271814,3.5546137627288417
2020-01-20,2.6554861392417486,-3.0372739385082284,0.575098154489071
2020-01-21,5.902112652103445,16.42145024676053,3.819910206909608
2020-01-22,-4.14110263670133,17.01231431031595,4.100032752376608
2020-01-23,2.886034695184526,10.495812739283108,3.9867712506350754
2020-01-24,-1.8873001109179013,13.029196237089476,2.9486539695125913
2020-01-25,3.4909456971201536,25.089619867151644,3.8624910530611
2020-01-26,2.0369216971592596,15.360091732946225,3.764723020666309
2020-01-27,1.034889649752029,13.359282408851287,-1.2576314037255663
2020-01-28,2.329117761009534,15.317649357850936,7.300047767970822
2020-01-29,2.894729741624638,13.835645722208696,8.19887886034735
2020-01-30,-0.4228187054626058,18.24366677727279,4.226518687366016
2020-01-31,2.2708558378824377,14.830542407900834,8.217522677487423
2020-02-01,5.142803520228962,14.494001296617487,3.6147742357656654
2020-02-02,0.9993693224805895,16.725644246568205,3.1166065930345495
2020-02-03,1.0507089720336023,13.683965623520415,3.609533057181619
2020-02-04,0.8915789281467134,14.55274906801025,3.2889081511251916
2020-02-05,5.145949864631819,21.159085007029624,10.225216339703223
2020-02-06,1.2154010868088287,17.073692864114683,1.2476064140637906
2020-02-07,1.2435186021105262,19.378689060148925,3.157749728340402
2020-02-08,2.585710905282044,15.00664827842132,2.9613678128992924
2020-02-09,1.1698150280452526,18.706197910887113,3.2924436364725165
2020-02-10,0.3694154362039479,21.623373140780817,7.049777306775611
2020-02-11,0.4330396080291225,10.44795650506251,1.982090369065884
2020-02-12,1.2673658936179737,15.777811659058393,2.3093919118432855
2020-02-13,0.327087376840413,22.126485636718186,1.1441555394844487
2020-02-14,-2.6504475803274294,30.595836218028875,6.270053031262092
2020-02-15,-0.13394968719069594,25.37199889179917,8.151893132415633
2020-02-16,1.069764120563623,22.451106955775806,2.5047236937645923
2020-02-17,1.5723624096045632,-6.268344445339685,4.542006844985906
2020-02-18,1.0586025374386392,23.646310099372222,2.424499036969367
2020-02-19,3.612429729574804,27.421532024321312,1.3767949746359227
2020-02-20,1.7785516620508797,24.17064291661998,2.182381258596483
2020-02-21,-1.2489816318355218,24.39485690326216,7.46088768207662
2020-02-22,0.767045109871213,28.745978617735553,1.4721386154474239
2020-02-23,0.6954277845131656,21.73252954076704,1.046217302126973
2020-02-24,0.5988431310228196,24.698597252528355,1.1019917892388231
2020-02-25,0.5382416250179508,8.82223374655095,0.8736667734574393
2020-02-26,-0.1431413500809283,21.832107066150613,10.057054085027334
2020-02-27,2.1538164919619924,59.574877702867795,0.894829177924987
2020-02-28,3.1355768684915417,41.29456933676098,0.700284529209365
2020-02-29,-0.09243826745555636,20.20055508162787,0.8996863232018397
2020-03-01,0.3337176783356013,22.170836266665106,0.8291305421759491
2020-03-02,2.3549123544627433,29.273248170592403,0.3800195744262076
2020-03-03,-0.44162529769557257,21.166998773066254,7.485693868485505
2020-03-04,0.24989008514321565,17.67582922792059,0.42401119768212225
2020-03-05,0.22082561438053194,18.873956002726025,2.83820503079239
2020-03-06,0.18647715078301058,18.93025489043472,0.19316647859730182
2020-03-07,0.15294618746242197,18.116706025478635,0.9069707406387651
2020-03-08,0.07550234790174659,20.037462321126295,0.9542861207425787
2020-03-09,0.09943986973332399,18.03259002698867,-0.4297595339346876
2020-03-10,-0.5784907676100972,9.827251599530864,4.122738637774318
2020-03-11,0.12060705239563847,22.9941531435707,7.962584614203006
2020-03-12,0.1659231491197007,22.484569735784778,1.2030048074930833
2020-03-13,0.15537249849761564,21.99093844198366,-0.38665295411435585
2020-03-14,0.15564939274397044,18.41983488210642,1.3045721625748565
2020-03-15,0.2431985689183897,19.114753322156513,1.3836930898077042
2020-03-16,0.17274030009868308,19.803199322353848,1.6747930017448105
2020-03-17,0.42749758160385154,18.561215305393965,1.9069261651549074
2020-03-18,-0.6986225377446665,4.2487665960599035,-3.4669485296102587
2020-03-19,1.2384655579828374,18.01786714332314,6.540733555287282
2020-03-20,1.2394211574283802,14.656199288651344,2.1567866535560456
2020-03-21,1.2306402016407152,18.892993904251735,1.5725427512423344
2020-03-22,1.2259032712722153,17.259549597709224,1.9141046900739256
2020-03-23,1.220678250335991,13.903401442005336,-0.32882716137136153
2020-03-24,-0.6256158580127121,20.245935726349202,1.5067693010292575
2020-03-25,1.5666616003614176,18.425560499751306,2.107439584054573
2020-03-26,0.2215750338716236,14.267756256635211,1.7633103668640477
2020-03-27,0.22931353843138466,30.040133620852483,6.667408242323113
2020-03-28,0.24145301329802307,16.782313081799686,5.420160542469665
2020-03-29,0.2562980192448871,17.237056358203947,1.9388735881601482
2020-03-30,0.26691913782174403,20.948749921082957,2.9614238607563284
2020-03-31,0.34263285511063857,-1.6315910675407945,2.5388546159319554
2020-04-01,0.28112002147201476,14.817850328977622,-0.2053155161064959
2020-04-02,13.265126916560549,17.518536186331552,2.293220851542321
2020-04-03,0.27911931468914714,18.141492447992576,3.006315227309301
2020-04-04,1.279688008094883,16.250738443597783,1.9176523481331156
2020-04-05,0.28778384964438375,16.994213118792736,1.8540347790640086
2020-04-06,0.2915618534285875,12.910356142669084,4.3954974300023855
2020-04-07,0.30122009398117544,11.80675401035519,8.147172500365805
2020-04-08,-0.7171346418059953,8.8169798220983,0.42903036000543704
2020-04-09,0.303545381425806,29.422039472874125,19.54831645837186
2020-04-10,0.3088409759339157,14.358637857923199,5.427797714321938
2020-04-11,0.31513225256530547,15.938230027041902,2.8952011187693403
2020-04-12,0.3224548715580329,15.956133397972712,1.711569152289364
2020-04-13,0.3327070535338907,20.72036117465169,1.184684674300858
2020-04-14,6.98756677427056,20.32177216286938,3.9433627794840316
2020-04-15,-0.6879988104580806,22.77403719640578,-0.27246574042383265
2020-04-16,0.3455823176915761,30.123311960129005,9.648202149774702
2020-04-17,0.3182125044835651,26.835336012312776,1.5332394877559719
2020-04-18,0.31407403023755476,16.468328256838035,8.90211946125161
2020-04-19,0.3018937684149069,16.13173994485829,1.6745866458008052
2020-04-20,0.28390281735163997,12.342274621540648,1.6473851603437595
2020-04-21,-1.3953232637181237,12.30047490641065,1.9116060450110308
2020-04-22,4.17862169441312,16.925539694815768,1.9905203860577783
2020-04-23,2.2575797701905396,17.04382476147127,2.0478865174853027
2020-04-24,0.2730026584688541,18.285581758650213,5.29953748107627
2020-04-25,0.2759750617367551,17.047704840970106,2.094156911600933
2020-04-26,0.27318033751635185,17.316612442626816,1.7290418372195058
2020-04-27,8.268714600187405,22.259454266635124,7.760937581366139
2020-04-28,0.2928200152099507,15.835998482398388,4.9780168179634225
2020-04-29,0.31116745839939863,10.123646510177718,4.976432802704153
2020-04-30,7.240566704744047,15.294469688168071,3.641686525174056
2020-05-01,0.24343139927538307,14.221718681564147,-0.09106005983801514
2020-05-02,0.23116768870463839,19.20174221486998,1.2400086897298461
2020-05-03,1.208854772122091,19.738362202964723,1.5046407662523689
2020-05-04,0.2010187321991243,20.789777861522197,3.1489837651972357
2020-05-05,-1.1416806115903113,21.685899759602943,-0.2818389607616626
2020-05-06,0.1858727529496735,19.843064682400083,10.95098665434018
2020-05-07,0.16812842201958744,21.974607707319656,10.188942313116122
2020-05-08,0.1499577928902844,19.33679291683614,1.363010267046206
2020-05-09,0.1370492785204669,19.637664518099783,1.1691322267320026
2020-05-10,0.11699098495729339,16.818830576368324,1.2214184406061086
2020-05-11,0.11052342359779835,17.28637456405613,1.123868122901264
2020-05-12,-0.5796405165253474,19.02708774612388,0.9449691694869949
2020-05-13,0.08067118900395612,19.022322761486848,0.8595057658622138
2020-05-14,0.06619697196850731,26.970782049721663,0.7992586436060782
2020-05-15,0.05634936012147265,19.03880589439205,0.17912397727575435
2020-05-16,0.043338982395492276,16.12834185922689,1.009425261751992
2020-05-17,0.024219139049564117,17.960337540151215,0.9903760098923886
2020-05-18,0.020017533416026245,16.164467850495754,-0.06360530314077956
2020-05-19,-0.01970745869849443,9.088006033404184,1.2702017552519742
2020-05-20,0.005389929412845898,16.259961811028038,11.897108501637852
2020-05-21,0.0019655270448064935,16.588400070618782,0.9408040881934234
2020-05-22,0.00025219513259088985,-1.8222448568012126,-1.2528225581904089
2020-05-23,-0.0005047791118699997,16.29604339926634,1.0092037664474378
2020-05-24,-0.000918296708737644,16.522629202265623,1.008128616110781
2020-05-25,-0.001088796493218521,-2.118405940563582,3.4369512272538967
2020-05-26,1.9935230403195325,13.452275988036938,3.0564809196325182
2020-05-27,-0.001577560509857849,16.022598189329585,2.8902562008932247
2020-05-28,-0.0018072558745638075,17.012457372650225,1.120574812717683
2020-05-29,-0.001838870140058799,19.174914318629504,1.1130632363192754
2020-05-30,-0.0016866509462041676,16.58432688474689,1.1119410264884566
2020-05-31,-0.0015343977940545368,15.485126659403653,1.1111073242116585
2020-06-01,-0.0012207300127000833,20.885029900622747,0.8126884841618357
2020-06-02,-0.000169731729522362,19.13568221607466,0.5977168888305382
2020-06-03,-0.0009474273108149448,14.063013345615275,0.8142196746719343
2020-06-04,-0.001016406040866639,13.926869586519476,4.19745358526072
2020-06-05,-0.0007445388207473817,28.68696590970344,5.528348634607435
2020-06-06,-0.0005855075564325397,14.814411747412777,1.181526378245073
2020-06-07,-0.0004238230050468903,14.468401357814967,1.0780977477235378
2020-06-08,-0.00013840500806279682,11.050352280967829,1.818186724434241
2020-06-09,-0.00011512238765519424,14.856662383969882,9.051936674331849
2020-06-10,-0.00013035432682844393,15.724916980580588,1.7915006306858867
2020-06-11,-0.00034348961775174005,12.657400752312055,1.2478224430877152
2020-06-12,-0.00035433313700318253,8.740206037740226,4.0840373809373975
2020-06-13,-0.00047344689676951805,13.20587574227629,1.2182255984098254
2020-06-14,-0.0004607346275429711,13.739514176523658,0.9761990130688472
2020-06-15,0.00041667611537444545,12.16489429908494,0.9951985479283164
2020-06-16,-0.0013126117275659003,12.999925400252526,1.5170289916730872
2020-06-17,-0.0004047071799264,9.722025664486697,0.661669075423047
2020-06-18,1.0000595490712976,16.562715487982537,1.2909199439850274
2020-06-19,-0.00328115576493212,6.401554406799187,1.5435354694296026
2020-06-20,0.003187898882325539,13.18090756412077,1.2447486867642927
2020-06-21,-0.00038949491912902267,15.147903428886352,1.9971560609911245
2020-06-22,0.9968782282510211,12.687651814194453,11.12551632263149
2020-06-23,-0.00849068561344674,11.767032529164256,6.180790055110817
2020-06-24,-0.000528640651175756,17.303507355532616,3.5980979907950177
2020-06-25,-0.0021583177770867074,14.438280100638293,-0.7503026160382662
2020-06-26,0.001247912494064302,18.3824300968839,0.6336219618287259
2020-06-27,2.006073966476519,18.215800261841935,1.3043875627075592
2020-06-28,0.00086272850240314,15.479361953225979,1.0828872263997011
2020-06-29,-0.01407989673512879,17.687414759023444,4.320214938708426
2020-06-30,2.0193650550930937,18.549702672002223,1.194448447253089
2020-07-01,0.012362568124025846,14.124949558079383,1.4874428855579191
2020-07-02,0.01350111345342471,4.0115174411838055,-1.559692390929654
2020-07-03,1.0302378102636232,4.323210119570346,0.571062970364733
2020-07-04,0.03511508773044267,15.03854770795164,1.4134342163315132
2020-07-05,0.03852503400660544,16.62036431937295,1.3536828420185638
2020-07-06,-0.2918342473628629,-0.7874733940163279,1.3052403795742928
2020-07-07,2.062660312017329,16.449701622970977,5.556184409439215
2020-07-08,0.05865189666082404,20.00672656061962,1.2112950016964614
2020-07-09,0.06552419515778006,18.76303384789758,1.477475178313246
2020-07-10,0.07732763596345558,19.69310655425924,12.064355827489306
2020-07-11,0.07916822710737488,17.35899948073893,1.7216337055655522
2020-07-12,0.08653055762527417,16.700249861868958,1.8053247726588346
2020-07-13,0.4301598254666661,16.331882600118988,0.6159585423197066
2020-07-14,0.11264928470277324,17.410088200068216,14.867097425803452
2020-07-15,0.10701605149283624,22.910392065468997,2.067685071312881
2020-07-16,0.11394222580613629,7.645846388646634,-3.3880487450968118
2020-07-17,0.12150514745646893,13.646417335616823,2.686933169324206
2020-07-18,0.12722034187690742,15.646448864883942,2.030102524283337
2020-07-19,0.132694848762215,16.1329531223554,2.1254260205204427
2020-07-20,0.15417347660250613,15.470324340461435,0.6238809949315217
2020-07-21,0.144665672033241,14.9088106321448,2.278566337517047
2020-07-22,0.1418863138484737,13.86877550453022,9.271148981622336
2020-07-23,0.14285449561254088,16.83133619593853,4.1565334750970635
2020-07-24,3.137992962732817,16.88389614754915,8.517215856247606
2020-07-25,0.1435810391781938,15.308890953563491,5.323061049335344
2020-07-26,0.14370043487474796,15.477529125585699,2.317979780691779
2020-07-27,-0.853622235841734,19.317599493113697,3.705123816011839
2020-07-28,0.14533940702415987,14.601637317201323,2.9824487424031827
2020-07-29,0.14494218162639894,15.065896214762219,10.527546445513423
2020-07-30,0.14383390584761477,15.923390517580124,2.9165537545505176
2020-07-31,0.1413144728766198,15.944051349239757,3.2743982581621434
2020-08-01,0.1431578434377649,19.922823133445483,2.5624431031571717
2020-08-02,0.14215112409301708,19.619497718215786,2.4106512904628765
2020-08-03,0.14060422989028054,11.80985654855982,2.146821832047121
2020-08-04,0.13938333673970746,20.242939098227783,9.319625393272288
2020-08-05,0.13844405783943467,17.810188423857916,1.6914008131158584
2020-08-06,0.13741159985098994,13.664786839565078,0.9376841517987171
2020-08-07,0.13722502295946523,27.873025397251453,0.8539403588421454
2020-08-08,0.13804254987323844,18.269156322086545,5.574883200386909
2020-08-09,0.13847681256720884,16.834895533694002,2.3798055123241317
2020-08-10,0.47639639417844937,17.254227220182212,-2.0205805708054205
2020-08-11,-0.22945327257895137,8.673891372272823,0.15990749024508932
2020-08-12,2.1414096859537355,21.008827314292738,-2.748005169277663
2020-08-13,0.14434001766207993,23.183347144575446,-0.40602524628883074
2020-08-14,4.135926955499815,21.38402180620119,2.7269066703808154
2020-08-15,0.1403324957631361,14.5701194755554,2.771529841545778
2020-08-16,0.14051768490293662,16.058914948014113,2.6354117677405733
2020-08-17,-0.2325705034083453,16.224009722037678,1.9108563351018173
2020-08-18,-0.5231979944812666,13.426357586181627,3.0038444637460846
2020-08-19,0.14051684342694357,15.50565854989608,4.227791868962729
2020-08-20,1.1504282440119982,14.247021894076655,3.284830202584164
2020-08-21,0.12596449932138395,13.353660317566971,0.7143748511342436
2020-08-22,0.1500365533343673,14.296131714901039,3.091472333896744
2020-08-23,0.1562825219675726,15.680235753350333,3.0007266758560194
2020-08-24,0.14652365617846105,16.01838626388547,3.395704882043679
2020-08-25,0.15730053431608937,19.221984442722636,7.362674166115621
2020-08-26,0.17428187176541202,13.092685446006103,3.497224592727795
2020-08-27,0.18935783498233894,31.983255173498968,2.1431509063969783
2020-08-28,4.8546627626724295,16.764419431141356,29.821382954607834
2020-08-29,0.19905420877412366,20.020628387236442,2.958081154728169
2020-08-30,0.2050608295352356,16.409377048886107,2.7598730076023292
2020-08-31,0.20832482437017885,-1.2899837911685061,4.543566454606248
2020-09-01,2.2135802472705586,5.383475149068124,-0.5946119935155567
2020-09-02,0.22385939021642806,29.47802761953198,-0.6205089825913475
2020-09-03,0.23332079951726997,24.982760258154492,2.115120092969735
2020-09-04,0.5702424174529341,11.202237403400101,2.6705267134443815
2020-09-05,0.24622204694774708,14.348254714735894,2.641882531015933
2020-09-06,0.2523718709995086,16.113983533962,3.4417570830974538
2020-09-07,2.255088355791565,-3.7422277430553246,-0.8148047755870228
2020-09-08,-0.7375062143999215,8.559067604585069,2.4361616678002864
2020-09-09,1.280089498565158,15.598098234262817,1.9251980550218333
2020-09-10,3.2863119286646136,14.205470585819878,2.423729532608941
2020-09-11,0.2835010904666443,15.361239342147966,-0.6238673502541258
2020-09-12,0.29305376604947714,14.835585361847285,2.37470631528138
2020-09-13,0.2922289220309131,14.37517197378581,2.21306232687484
2020-09-14,0.2672830483463269,16.10061972680642,2.14038549981933
2020-09-15,0.296079316565496,17.096270038429783,-0.5059232552033148
2020-09-16,0.21590204831027046,6.316936917056463,9.52098622136079
2020-09-17,0.23356605878371897,16.32435781321808,-0.43224906962896953
2020-09-18,-0.4103737817040154,15.445224375251929,1.7943544394120552
2020-09-19,0.3479224587197155,14.521030285678485,2.508626975101626
2020-09-20,0.3759238750162708,16.471684692254293,2.4648261513500214
2020-09-21,2.388719244258598,14.46861457760248,-0.07985083409645521
2020-09-22,-0.5555643990905383,4.97505659546829,2.712441626172189
2020-09-23,1.3811993823095,19.45941522065417,2.939623483818729
2020-09-24,0.5214222689101657,17.907195668798806,2.9556124527217693
2020-09-25,0.017113107783277987,22.593646582805437,5.129367802271234
2020-09-26,0.3872467457426551,17.10389727983828,2.6653420153046516
2020-09-27,0.3501697609363372,16.955004759837397,2.6918078423193528
2020-09-28,0.289078709893531,22.032297018935918,1.2898328348306558
2020-09-29,-0.6625350190435739,19.6156847590809,-1.339557956586246
2020-09-30,0.21827402999471537,15.161611946234359,6.256592535224921
2020-10-01,3.9809777474647916,18.787687745370782,-1.7095635185923235
2020-10-02,0.09059688443532823,17.415180901029128,2.891651691105091
2020-10-03,0.09460871141679601,21.560287291679384,2.7374777419442493
2020-10-04,0.07517107231941637,19.992655896834613,2.917414157750799
2020-10-05,0.06063718843091981,16.067323122349972,2.7915397520060843
2020-10-06,0.9477195896023971,5.049080122314183,6.367681554241287
2020-10-07,3.0542010603922165,9.112906322600155,2.9103646854094243
2020-10-08,-0.05817750997221674,34.41248107925614,2.517405940597536
2020-10-09,0.9367967432804744,19.044634944250166,2.5144835448791896
2020-10-10,0.021263792490705008,17.944591435367457,2.8624181859538345
2020-10-11,0.019602121996278324,16.409439876627857,3.309163910292698
2020-10-12,1.0369527694443166,18.067665980260262,3.55878230563835
2020-10-13,0.937455547766088,16.942170680448456,3.521640705394974
2020-10-14,0.03506341397084409,16.446552455725026,9.587058143636138
2020-10-15,-0.022128011069296103,24.016833263262974,-2.3709637392519767
2020-10-16,-0.016708707020984016,12.080596457622004,1.1004537118737465
2020-10-17,0.0195900498831741,12.765937198330803,5.149839077420554
2020-10-18,0.024377594680516847,14.52414987246937,3.607074916315921
2020-10-19,0.03681612490281187,12.505772142116468,5.782604126285509
2020-10-20,0.01580428054728287,23.182859135734507,5.012999567067353
2020-10-21,0.03615673060479723,16.51034593115503,4.311207252543236
2020-10-22,0.7176406057301536,14.614560631398337,4.968818505561375
2020-10-23,0.04988309675225447,14.465309676000832,4.756489795462434
2020-10-24,0.06114068587717294,16.155833013626342,3.3634165742197375
2020-10-25,0.06926762314754317,13.674926994110283,3.818763599872055
2020-10-26,0.07566802105848737,17.19896528681297,-1.9202184453346578
2020-10-27,0.08619096069190116,11.088706204484293,3.448961632215744
2020-10-28,0.08951984716011965,3.50222744234836,3.9183933248151623
2020-10-29,0.4472502195947017,3.0672708807187203,7.53163709908455
2020-10-30,0.09042832315103747,-3.048109616700227,3.56526203103565
2020-10-31,0.0974581177383391,13.303775275057566,3.4803450059544865
2020-11-01,0.10576624478823884,16.45032024065148,3.6340145684781286
2020-11-02,0.14877238021561037,9.588424392453913,3.679514468381435
2020-11-03,0.1241406259610684,29.581845272198468,3.7831612118556155
2020-11-04,0.12809999000927072,7.84438313220236,6.328869681773592
2020-11-05,0.17909171824411685,14.438143319414944,4.15535459860137
2020-11-06,2.10938227722931,17.88045719392336,1.2127143633710302
2020-11-07,3.106401282044147,11.919569507207363,3.1744247518840867
2020-11-08,1.102815701142038,13.451348477341273,3.093737677042622
2020-11-09,5.190059719689222,21.05192555102004,6.541978880217649
2020-11-10,2.1026206819550453,16.994620798726764,14.054088443000753
2020-11-11,0.10041590032840658,17.32444760270214,2.5350311636191813
2020-11-12,-0.556228908479177,24.480992833765832,-2.148319963650884
2020-11-13,0.07812358831212957,13.088942975823937,4.37333612742575
2020-11-14,0.07427138128417089,17.455397381248996,2.5987752842134744
2020-11-15,0.07077192904253105,18.1960243393754,2.521512592394522
2020-11-16,2.0664817446900003,17.507895458733604,2.336196557263445
2020-11-17,0.06790853685536379,25.625370740455605,2.4063011188178858
2020-11-18,0.06250162347264654,16.872010542240915,10.730619660042532
2020-11-19,1.6942954579585279,16.68436803804551,2.0715047750607885
2020-11-20,0.0457084216381126,18.53030305602416,4.64763050343027
2020-11-21,0.03866525058953662,18.928409908639715,1.9988848865409423
2020-11-22,0.03168891017979955,14.281074289842884,1.896437189221374
2020-11-23,1.992188052909319,11.614576908407539,3.4544856364517167
2020-11-24,1.0225013785525598,12.082840985825666,-1.911644911570796
2020-11-25,0.014879763314727432,16.633390287786227,1.4971128804889036
2020-11-26,-0.0067924983715517,14.232856212103647,0.7625298446136681
2020-11-27,0.006162917117192518,-3.2600338773718,1.2462108903836655
2020-11-28,0.004042545347100041,12.694786504853669,1.314865339162333
2020-11-29,-0.00020786367524140877,13.689393166649756,1.2284021639764782
2020-11-30,-0.010644766248120517,16.324387245144088,4.437038818735083
2020-12-01,0.001948980943573899,17.06189805564446,4.755249512144011
2020-12-02,0.0016186527881774963,14.228641371790905,14.048269626931306
2020-12-03,-0.0031428811239926978,38.238159775209716,1.0780701501350531
2020-12-04,0.000709212166652734,15.195248007663768,0.7942900478195953
2020-12-05,0.00040057731521833846,14.718776227506757,0.7453994929971974
2020-12-06,-0.0004778659629247192,14.294760768162657,0.7136649336565688
2020-12-07,-0.00278857967319087,16.15625894308162,0.4600374656728491
2020-12-08,-0.0019337466206015485,15.40347236797454,0.4561079246534916
2020-12-09,0.00012175014188361597,12.696676761747781,3.6478003675108948
2020-12-10,-0.00011673097370321262,31.794058975567353,0.3390914801322601
2020-12-11,-0.00014576940607426137,0.5704296311375785,9.162917142424943
2020-12-12,-0.0001787156504453055,7.6804487048298675,0.42786828083063067
2020-12-13,0.9998746185310357,9.682978778927312,0.3872685492337483
2020-12-14,3.9996258637021374,8.353052879493044,5.316536170187493
2020-12-15,0.9998283345910332,7.707233257901501,5.729324467824351
2020-12-16,-5.1497959486363474e-05,13.153737058042847,0.3239536212185137
2020-12-17,-3.478931716158131e-05,9.134323836110898,2.6432758087573114
2020-12-18,-2.3991659901160633e-06,18.49749874633332,3.5772330703577113
2020-12-19,0.00018025234386615739,11.7251624242178,3.14094702545101
2020-12-20,1.4849049239775119e-05,7.054521381197101,0.19971564101600917
2020-12-21,0.9998071063355428,3.820628126841134,0.16521947999891623
2020-12-22,-7.319988942279402e-05,6.391099916717581,-0.07591860122183039
2020-12-23,-6.19497931728784e-05,2.0296668374915354,-0.07714600160165713
2020-12-24,-0.00013471703544399905,1.0551517351435589,-0.07919909465809727
2020-12-25,-0.00021817743530040305,2.743311594810557,0.07594491225706859
2020-12-26,0.00010876278622520594,4.298504231969829,-0.07391774798606501
2020-12-27,-0.0003927251901600578,6.290277831246812,0.12143527193342857
2020-12-28,-0.000790413435621613,1.2657800850837277,0.05193773184298483
2020-12-29,-0.0007210081485027676,-1.4260314094894078,0.0507656961795853
2020-12-30,-0.0003853130200292454,1.6250710426371935,0.8307851126910395
2020-12-31,-0.00045672812929906494,1.5804183051200966,0.243414314353957
2021-01-01,-0.0029742421255294148,1.7085036706735695,-0.413273955409006
2021-01-02,1.0010549632356895,5.215748790427438,0.9852675701981509
2021-01-03,-0.0005628105086787922,9.036734776260309,0.1832554371463022
2021-01-04,2.000208957523824,10.470584821996434,0.1362394270839815
2021-01-05,-0.004783413775561508,11.374900415719473,0.06980418350951823
2021-01-06,-4.140866720588575e-05,11.305806328433242,-0.18931817901474302
2021-01-07,-0.004566913134582093,14.223217291172915,9.647930195127026
2021-01-08,0.002599930190416811,23.54993791779274,-0.33365697758067836
2021-01-09,-0.0001479407912403797,11.076648687738597,0.43918768690759313
2021-01-10,0.0013434438647507464,10.719142938734446,0.45609336632533914
2021-01-11,0.0031369348237981626,13.553194662330348,4.184884492525939
2021-01-12,-0.011825200820457734,27.035892407185425,3.6296075175055207
2021-01-13,0.01106551496049803,25.531742723662067,1.0428234408158226
2021-01-14,0.0156579111448806,16.116599226219567,1.1319149264585466
2021-01-15,2.029399536335581,17.007692164123426,1.3587358819090851
2021-01-16,0.027177024026589978,16.20297450191783,1.1249281446508703
2021-01-17,0.03906059952805322,12.555339580620998,2.0866098067993155
2021-01-18,0.04233764491061074,3.6276820827065492,1.3216818827536692
2021-01-19,0.6702579070889316,15.777871930790118,9.472850908708416
2021-01-20,0.05954468821945202,15.752980746489133,3.7026431031342497
2021-01-21,1.0667340996595835,15.09724118323577,1.5258945027989075
2021-01-22,0.07538185289143458,19.745391898806247,5.5262170500723595
2021-01-23,0.07810000325677928,14.106465354065337,1.9818911792455003
2021-01-24,0.08416403691839214,18.26100983858275,1.8174617841622271
2021-01-25,0.08616677708775004,13.558928882985944,1.2439475329842615
2021-01-26,-0.5679010263940659,14.947918899418237,2.0470128320042575
2021-01-27,0.10241343238278512,14.681311388667087,-0.6091057408470333
2021-01-28,0.10595726042569997,13.518208633681297,8.17236089582771
2021-01-29,0.12116633758313644,13.139168916416878,5.634362793396221
2021-01-30,0.12223235412186362,16.392139221320253,2.218497756932003
2021-01-31,0.12817526898000492,15.34204355363373,2.2637691056590814
2021-02-01,1.1310502158348625,19.58053888342127,6.120024551049172
2021-02-02,0.15331052587686256,15.950656817527065,-1.014904990449328
2021-02-03,0.14338598139678632,15.473672583267085,2.964004819444304
2021-02-04,1.1416630447236402,25.311032100166045,3.0507136240436097
2021-02-05,0.143857269029801,41.27777087986137,0.005238519275211503
2021-02-06,0.1434074662684898,23.006403375882044,2.5062679386585764
2021-02-07,0.143666001528254,19.8630855206977,2.760222001406554
2021-02-08,0.14068266395592424,15.069621689733674,2.9160921195347758
2021-02-09,1.1466713937907063,29.704709637816386,-0.824261132064453
2021-02-10,0.14476548805823863,18.95991037684898,2.2156724211806456
2021-02-11,0.14091261268020133,16.446604516693533,0.8984387475903964
2021-02-12,3.1433291220241966,19.555350211889937,2.971756661052483
2021-02-13,0.1442924465317805,13.850480828320286,3.596675028703116
2021-02-14,0.1440967566528222,17.770008644901854,2.829339049157266
2021-02-15,4.144844311455264,1.1623989226327045,5.1493084656035855
2021-02-16,0.1435768302779149,19.856110930400586,2.958080750966468
2021-02-17,4.143446799622973,19.55865857397235,2.9095104296213607
2021-02-18,1.143949681150147,22.78996418274067,2.854007881506632
2021-02-19,0.1442192576421428,19.410610475889456,-0.03212989191787341
2021-02-20,0.14383487425427144,22.19949786183181,2.6848001072506777
2021-02-21,0.1434588498765671,20.133199100413297,2.8473634792100775
2021-02-22,0.13941002572980016,25.10543648669092,-2.6368094665618713
2021-02-23,0.14695087347308888,19.180730047154867,2.7269718954038593
2021-02-24,0.142743162767698,34.60457715581221,-0.6403385288663404
2021-02-25,0.1470922171258177,29.75483702977023,5.875735127462855
2021-02-26,0.14313181105013126,22.646605352876485,0.00726208559789665
2021-02-27,0.14055160073822218,18.065477699839647,5.987208271294739
2021-02-28,0.14479634819949916,20.05874188906552,2.8671762910742467
2021-03-01,1.1355678099395088,16.48226460846898,2.772361120989334
2021-03-02,-0.843851456793577,22.86924008417351,0.5124172766207056
2021-03-03,0.13978085962322817,31.190571002965463,2.6903950452667855
2021-03-04,0.1560036324879266,19.169475928230852,6.4066002745567605
2021-03-05,0.1345991281745037,17.895072630251597,3.174555660575502
2021-03-06,0.12933647927930586,25.32399476930678,3.520176097528204
2021-03-07,0.140772223366091,20.389287211500815,3.056377461391575
2021-03-08,0.1105906113434345,21.55690174607696,3.674678725126107
2021-03-09,1.1427706238321216,18.100275629146537,17.85140535010433
2021-03-10,0.08076354668087268,20.262377123809124,4.234898356384072
2021-03-11,4.108192702133726,20.680204670644827,4.618826725655657
2021-03-12,0.05990105029625455,8.902611372007083,-1.8659669823421758
2021-03-13,0.03614453079137628,18.964743849151322,3.8083148821516812
2021-03-14,1.432662265307139,19.3836206378861,5.174954327827757
2021-03-15,0.03517406926809695,21.422987680160766,4.366183678216341
2021-03-16,0.32787049851173716,26.562966705179885,7.188433888709897
2021-03-17,6.037142017573626,21.464565213635694,-0.6126490113412297
2021-03-18,-0.31121294243715214,16.15633688270451,3.066873955042535
2021-03-19,0.07195455983734211,19.07709683222969,-0.360493750109085
2021-03-20,0.04331860274073772,18.513163911717985,3.601587090668596
2021-03-21,0.6989563562185798,21.49965911108418,6.007858869323096
2021-03-22,0.05066538963960156,32.348007552367484,3.9339781353652574
2021-03-23,0.7765708871377053,33.168553519511285,3.45493921041567
2021-03-24,5.035296776357432,6.741868515622416,-1.122213356823047
2021-03-25,-1.9238423143189405,23.739548291117224,3.3261068090092865
2021-03-26,0.07810801587412007,22.104777423774586,3.229238442238426
2021-03-27,0.026587902561773548,22.01773595582138,3.4176807858236176
2021-03-28,0.9436113225693438,19.55777000439144,2.9038554486582147
2021-03-29,2.037223295514744,18.375823447782185,2.5598362407387816
2021-03-30,1.2036458112421897,17.80672946326183,2.739756865983205
2021-03-31,0.016717606420132064,17.09240456462749,2.424016662755373
2021-04-01,1.4488681397490715,16.21442337120511,2.5625435018108904
