,vercel/next.js,remix-run/remix,nuxt/nuxt
2020-08-09,7.884232057799416,-0.14090279595223987,0.15052067960842574
2020-08-10,9.406706738070811,0.15310538466955118,0.14064142226887857
2020-08-11,7.401460186012429,0.08038154870667905,0.16407187898251233
2020-08-12,7.336159477069376,0.011717728965506019,0.26221483604559315
2020-08-13,9.010345966643822,0.14686695588388454,0.12749616010039544
2020-08-14,9.043237377048648,-0.04772041018129873,0.09244646893768128
2020-08-15,6.95052619381237,-0.1479795253390939,0.07926654464634217
2020-08-16,8.717618199410925,-0.0030967106432783034,0.10506051706843085
2020-08-17,-2.211578289282489,0.017459066025920563,8.097850058106204
2020-08-18,18.628820370224236,-0.0006999325370073538,5.101385301042414
2020-08-19,10.011566633009688,0.00437459192093035,6.512024997880993
2020-08-20,9.459992319853592,0.0067991298939994275,0.07230085555740136
2020-08-21,8.00705292937361,0.01958488479768605,0.06819879920623942
2020-08-22,11.466726577383366,0.022109580949104143,0.06032064929720988
2020-08-23,7.598648852700575,0.18827323157273412,0.06510286283644286
2020-08-24,4.894602533411034,-0.18016575753282726,0.05907705886031137
2020-08-25,6.038818760279183,-0.08742975804475231,0.032928573095463605
2020-08-26,3.7951638742481557,0.008176502372808633,-0.25575466624255555
2020-08-27,0.740549683785293,-0.16248952076349094,0.019268403058284426
2020-08-28,3.8989046339653886,0.09973659530283724,0.04657431575780381
2020-08-29,3.0246403130692734,0.22476585770268667,0.04207063935590708
2020-08-30,15.456184737173121,0.4497762904784338,0.025030426258118965
2020-08-31,-0.7958330282318256,-0.5115545982311966,0.011168697956276202
2020-09-01,9.34228655836738,-0.18207390513011557,-0.049276098855666944
2020-09-02,7.860571651103415,0.05366519164631078,3.015460627768416
2020-09-03,5.0802298736105715,-0.36016639790930205,-0.027783130829027985
2020-09-04,4.783416271407681,0.21574542403407965,0.026081142509994652
2020-09-05,6.2364564160952245,0.5110684525303707,0.028817842697816128
2020-09-06,5.680867871922334,1.135479649183566,0.032230263317815984
2020-09-07,4.3177404312250856,-1.2515948998255169,0.04570704654706164
2020-09-08,3.841198095125725,1.886040634276126,-0.18823706840862317
2020-09-09,6.104871508666571,7.382504894566001,0.04769983324926676
2020-09-10,8.738153234390415,2.620241551574072,2.005238568979241
2020-09-11,6.349618464093126,10.35859294035684,-0.037198666550996996
2020-09-12,13.402385998331951,3.0127066466680645,0.05357583015278324
2020-09-13,4.953840266593976,1.773859222196078,0.0610463759820564
2020-09-14,5.3825911508261335,2.6695495263647264,0.10915637101326264
2020-09-15,4.912476140322934,6.1454409860123835,0.8302533557795996
2020-09-16,2.893607837368452,6.187110935983005,0.0184517185385056
2020-09-17,-1.0949435441536652,3.9364796552830055,-0.03367974460283741
2020-09-18,2.7158327008058336,2.130068630432513,-0.13117901804807258
2020-09-19,2.420897334745927,1.3754750064621224,0.10411746153087037
2020-09-20,3.300806513848209,2.2749668167184742,0.11530618430384812
2020-09-21,7.623987766552584,-3.05230651652456,5.157581063063334
2020-09-22,2.710338348388295,2.4729758201107757,-0.10151561090521627
2020-09-23,2.272968711308632,2.3271227633376483,-0.11371280499848473
2020-09-24,4.460765585135294,1.41475218873362,-0.1092384590809485
2020-09-25,3.4285739349983793,5.81141642436012,0.8764113753868217
2020-09-26,1.6972363721742918,2.698250129842076,0.12201224173576437
2020-09-27,2.7724070680549047,1.988059120782893,0.12285898818597157
2020-09-28,-1.3869396942790098,3.4581344415117456,0.16501498049056681
2020-09-29,2.359663750160708,0.3623473932359454,0.029705713803330112
2020-09-30,1.5639496541383444,1.741157733649385,0.8490307439461275
2020-10-01,1.0255654126674132,5.808043096179601,0.8482476080338504
2020-10-02,3.7609126420993597,2.2499127082252763,-0.11715596977435017
2020-10-03,3.6233996223433254,1.6508151889139553,0.11230752485751785
2020-10-04,2.7137900300944375,12.759050035038884,0.11212565021345423
2020-10-05,7.072411399689127,1.732676189776912,0.07268658145540366
2020-10-06,2.4498845703978924,1.801669340760034,0.10057812406906064
2020-10-07,2.7384515015035893,12.274034469291864,-0.14428074344585254
2020-10-08,3.482304391840954,1.3973151240085848,-0.1441954745501464
2020-10-09,2.9234229108274734,2.034105632572449,0.006462784350691779
2020-10-10,3.410390251900765,1.6317600572076094,0.09190652736543042
2020-10-11,5.620879675566684,2.7828011839951046,0.08617872131646691
2020-10-12,2.102682634911838,-1.8179500835605626,-0.15562343119711047
2020-10-13,2.727914259012837,1.8837538745184736,0.07643314132841501
2020-10-14,4.082289245451615,0.37984030732526125,-0.014205950305598559
2020-10-15,7.468232253684517,6.6376061142631935,-0.0009262632576094148
2020-10-16,15.15080151352308,-0.06423455800177869,-0.009814644826405377
2020-10-17,5.756333544688289,2.70212188114026,0.09810068541688907
2020-10-18,5.42930015508464,1.8944611912452363,0.01066663503797961
2020-10-19,5.431034271405905,2.48384650437354,0.7472850767386976
2020-10-20,8.65065541398987,3.6838528702841575,0.06948507838188003
2020-10-21,10.463490463610894,2.942216246131208,0.09581254593774129
2020-10-22,5.059116592787944,3.81214287784415,0.06844030384554706
2020-10-23,6.515566352820935,4.062545233548454,-0.20692419952243044
2020-10-24,10.955262205990735,2.663749853734005,0.20854076494236107
2020-10-25,6.227384563625121,2.0687572845379947,-0.08867688319815076
2020-10-26,7.816329026859259,2.4962186857696476,0.2482275746827623
2020-10-27,29.07007751222854,5.127516187197435,-0.2738309334298032
2020-10-28,-1.611397962871381,3.6519187447356094,0.002800079096664479
2020-10-29,8.99931658329147,2.6082345710640196,8.17492057301458
2020-10-30,7.5052034256726285,2.17110829601482,0.46317823181424955
2020-10-31,5.648928312606753,1.515287538048351,0.4798623929024776
2020-11-01,14.138335223135874,1.995788316915625,0.7834434926970182
2020-11-02,12.300573908816885,0.9301089134119286,16.018524463101357
2020-11-03,12.146008446063048,0.7727866445995654,13.219217717152471
2020-11-04,10.04588745487264,0.6783772363165004,15.360166803331504
2020-11-05,13.325832699528188,-1.002309094672045,17.529849843501175
2020-11-06,13.945809317512678,0.5212997040667322,12.87024558747116
2020-11-07,11.198233115074638,0.9537288464905505,-0.06608758938047177
2020-11-08,5.993742569894469,1.5940160588400627,1.987885679893396
2020-11-09,13.79489276881863,2.17654727226257,5.635779728194695
2020-11-10,10.487968001909437,1.5128271679420993,7.22388754463708
2020-11-11,13.197114644386593,-3.1032828185544563,7.612509287449195
2020-11-12,22.24003932608174,2.594989036612367,5.576273340483257
2020-11-13,9.835450319568327,3.0764085309758924,9.2051236372108
2020-11-14,10.882409716289,2.2918397396283336,11.622263307111139
2020-11-15,8.103957811726033,1.177452306680681,7.013571502140815
2020-11-16,4.581921712877527,1.2301223372795482,2.7604425496598965
2020-11-17,3.4849754173704603,1.7543351180799154,-0.9386021467903748
2020-11-18,3.301291388573895,2.6560840192059176,0.7013326108366565
2020-11-19,5.597043651856257,7.924653012971554,0.8677401738447331
2020-11-20,7.815898335214718,1.4477288210545547,23.222140501236616
2020-11-21,4.155379201311154,2.8422452968688883,1.0877950685373428
2020-11-22,5.421835287030625,2.9506893348677616,1.1411808978383449
2020-11-23,4.037924185806139,2.182166881292816,1.2641522436269526
2020-11-24,8.730827989081071,1.7566881970240973,0.6676070294989573
2020-11-25,5.699746288778485,2.9023316079230437,1.0086286233919264
2020-11-26,2.694846673566307,0.1345741708852119,0.9336689909949067
2020-11-27,-2.412813846234468,0.8050391130985632,0.9759729585144119
2020-11-28,3.796502778896227,-0.6927403116425821,1.7414824521206995
2020-11-29,3.6346110705820465,0.6161117889395022,0.5009349793908011
2020-11-30,3.584240690801667,6.0415921441350795,0.9381581125566631
2020-12-01,4.374690958645501,0.7228134711398029,1.1489815772018301
2020-12-02,2.856373536034505,0.26869580398795745,5.859519879232126
2020-12-03,2.4182879235714654,0.676650280185094,0.8248593811744421
2020-12-04,5.1320091573264035,0.7275301285890885,0.7824423950424833
2020-12-05,2.389999692576346,0.639693976708164,-3.98422268421943
2020-12-06,3.432197159422418,0.39760857105548564,0.620184344695121
2020-12-07,3.8088137161111346,0.7865220275383897,8.723326398490686
2020-12-08,1.740658031617396,4.57636958529996,0.3154358229313961
2020-12-09,2.9038765710384915,0.3804518763261361,0.6244303811797184
2020-12-10,3.89812938386886,13.966450176718732,0.6038774771273104
2020-12-11,1.3868426305827741,9.45391621358845,0.5723722382231827
2020-12-12,6.916769156697344,2.7528727736369007,0.919527655612149
2020-12-13,3.804575571551584,3.1939104929394264,0.5162570822060811
2020-12-14,2.3377331849031826,0.5130364158392858,0.5088954957946548
2020-12-15,-3.2622137187949223,0.389305478717121,0.3464230897295595
2020-12-16,2.573996506823534,-0.024541518347918463,0.40435005613412656
2020-12-17,5.671793683138788,17.884145012447142,0.3764490007689356
2020-12-18,6.094208295951128,5.269325690251687,0.34703262859946327
2020-12-19,4.29971288111081,4.045344228004746,-1.9245432358086298
2020-12-20,4.708250676267706,0.0367885761214866,0.29612245832781486
2020-12-21,-2.167274456202504,0.3365663298535737,0.27007308926565443
2020-12-22,7.9575481513216495,0.1881473657281432,0.23788512803021858
2020-12-23,-5.483755599888594,-0.08606407033638191,0.2109056377408811
2020-12-24,0.4834125376027416,0.21456054337529096,0.18829262137929786
2020-12-25,4.609554508912213,0.04391899293185221,0.17039853440161903
2020-12-26,6.285724114176009,-0.344464683737264,-0.8139961614862459
2020-12-27,7.62866986122777,0.25304206647365673,0.14040277204808263
2020-12-28,11.253753454887404,0.48479841257449074,0.02385252941572394
2020-12-29,9.942011863794468,-0.239577057891969,0.008866860282418124
2020-12-30,12.627329470902101,-0.6883490049938199,0.09223081411372122
2020-12-31,14.008358863942302,-0.3607801476251768,0.08463253819788571
2021-01-01,11.092381215857024,0.08124279846445912,0.08018954158332539
2021-01-02,9.602693534654376,0.6857412045874586,0.040011035321553104
2021-01-03,9.98312415473249,0.8436507447700694,0.07237728286504291
2021-01-04,25.328213435249893,0.8992130536541395,-0.2703619050800995
2021-01-05,9.006131512915655,-1.4939655369095177,-0.1745234183137541
2021-01-06,13.527805134416164,1.614256135130109,0.10479608341759963
2021-01-07,8.351629189553709,2.929535985540227,0.1114592494848285
2021-01-08,2.778099418605822,0.4199711417628341,0.109692103531399
2021-01-09,7.4038887966281255,1.0912143874266775,0.06369435326085232
2021-01-10,6.342303771170287,1.128965820354441,0.08106527919284649
2021-01-11,8.94921332925585,1.0358171422820215,0.6646361548160962
2021-01-12,-0.10736728778855031,5.74578817876255,0.7876017018016526
2021-01-13,5.160248670706989,3.1698904125003127,0.12781847701446064
2021-01-14,8.153340866721376,15.149573833655035,0.15485504782677387
2021-01-15,10.733672370642509,2.584788143584691,0.17221674026628056
2021-01-16,6.772618262159015,1.2632906487784237,-0.02547486131196877
2021-01-17,9.400865811699052,1.5709513962975765,0.18248564032760067
2021-01-18,-5.82783175616718,1.1018351880071047,5.633534561338027
2021-01-19,8.996484960056124,6.072043359855922,-0.23736037642290847
2021-01-20,5.9334650453792,-0.7862287792687619,17.074564159951155
2021-01-21,5.418689495754015,0.4337424076721092,5.252984494504984
2021-01-22,6.389028282254474,0.596401339477969,11.093423300673908
2021-01-23,8.123228685793883,1.1402935173397264,-0.08323321319021651
2021-01-24,6.27398608781454,1.8761745695788277,4.312848119672285
2021-01-25,7.847211369993226,1.8244463199605252,-0.35849632946409044
2021-01-26,13.965485736928459,1.2437009132498533,-0.30161367351621055
2021-01-27,3.4542557686368056,7.214844205070355,0.02656999160297363
2021-01-28,3.5291692761807125,13.339446385962992,0.3476047994244574
2021-01-29,6.537645456208505,4.888204656872039,-0.01865196813329722
2021-01-30,4.9155625806504535,2.818214568724182,0.9961994807629944
2021-01-31,2.356445266881738,1.94364521625378,0.4129795832202031
2021-02-01,2.4731110181984053,3.655074695991419,0.731850473965407
2021-02-02,2.091173552338208,2.9738750561088407,0.36432000841158063
2021-02-03,8.307787358385497,3.565619818083494,1.046944765141443
2021-02-04,4.828351699549625,2.8997711368671717,0.40932131246009135
2021-02-05,3.4767066329096052,7.369160338315198,1.9334142075265586
2021-02-06,3.485680907158358,2.7636469244925093,0.059727595241310764
2021-02-07,7.181504459854139,1.9742020155196616,0.41200638636826276
2021-02-08,-0.18398670758614466,0.5824739934589103,0.7687615312705472
2021-02-09,3.5180143382011098,8.327149201123733,1.418447849086789
2021-02-10,0.2847150244848375,6.153369518778726,0.12434314346961506
2021-02-11,3.2443896452040297,7.553865688813232,0.38911541431874136
2021-02-12,2.214069366628622,1.829344757677131,-0.25971816277433796
2021-02-13,2.5639453195990223,0.6580578860826196,0.1911935662063037
2021-02-14,2.2665765152969746,1.5725211263668517,0.2891170649270719
2021-02-15,2.4979303097778964,2.6296005141290832,-0.2733998805072675
2021-02-16,4.427434357711639,10.84813737874108,2.6012927657417886
2021-02-17,2.145984859776759,0.8804880960632782,6.221071149075456
2021-02-18,4.8774212914213155,1.4620662237541353,6.338114776168728
2021-02-19,5.482287604332374,-0.203870103380912,4.525498984348381
2021-02-20,3.7262484121035615,1.5801600610720354,0.21941327642230762
2021-02-21,4.137201814778647,1.1536283936476313,0.21676755709844098
2021-02-22,4.2114225930774065,0.5539401495665209,7.757929619030745
2021-02-23,0.9732051088116589,0.8191746560838227,-0.0984799437392271
2021-02-24,8.438430493141373,3.5263856124739226,0.2102789092368776
2021-02-25,4.5873943952364895,5.382293669318267,0.2678015945688703
2021-02-26,2.059569285435667,-0.04254316139466957,0.33491630077973944
2021-02-27,6.24086476867134,0.2474090576394647,0.206523694514223
2021-02-28,3.786442158422131,0.9118119494118545,0.214411914404374
2021-03-01,4.507975135650024,0.48193012902150195,0.8279340434728888
2021-03-02,6.754713282126369,0.06938116013870277,0.24922189174394552
2021-03-03,6.350933962989384,0.5014664255663976,-0.06628030213501226
2021-03-04,4.277912496167415,0.17324152626755518,0.18701117653422983
2021-03-05,3.9220123021141684,1.8634585396167758,1.3333059973146124
2021-03-06,3.7566813805021297,0.8153778738933581,0.22315920852762292
2021-03-07,5.217051658877522,0.710990827265031,0.23027638496250935
2021-03-08,7.899434266462114,1.4971240004264124,-0.10167976155262759
2021-03-09,3.9764930852637685,10.777035123530375,0.22844909797528754
2021-03-10,2.073143957795499,17.560040060450056,0.834590149650198
2021-03-11,2.34538454001669,2.09670331650348,-0.008496070613214468
2021-03-12,5.114643322397442,5.836431856171082,-0.32266260801007346
2021-03-13,4.4536297560537585,1.460965667371774,0.2054673458287351
2021-03-14,5.3881259240105575,4.3829738216505225,0.16393069654190442
2021-03-15,4.52970235103874,0.2540802060977083,-0.07283530266262225
2021-03-16,5.919061827148091,0.33069721099048105,0.09749284998700185
2021-03-17,4.607055714953189,0.577124578574065,3.848130527032797
2021-03-18,10.287390288666622,0.35808693678872694,0.946453401919035
2021-03-19,8.384154798967554,0.05236311790940889,0.0933581634676546
2021-03-20,6.835701712013988,0.5200661174601535,0.22084999055422813
2021-03-21,3.9996982281104376,0.02906849020328077,0.09326532603697098
2021-03-22,4.701209015592893,-0.2586683264391585,-0.3436221890619653
2021-03-23,8.769639311888659,0.4777470091101395,-0.11907725991628697
2021-03-24,9.802049050664962,0.3825477116684137,-0.05120773329432676
2021-03-25,-0.6338936783599465,4.673759020263168,-0.1495792469283072
2021-03-26,4.409029147078381,11.410509274828016,0.27234277207571533
2021-03-27,4.819994990680027,7.8196475287390435,0.503345012138813
2021-03-28,6.562928832895061,2.8350466099760907,6.960727103739796
2021-03-29,8.9204976436591,2.400047041744091,1.3044372801949422
2021-03-30,1.399941391636919,17.45871869086813,1.3553299785758333
2021-03-31,3.6556413888906794,4.927333737341199,0.059942069069931644
2021-04-01,5.048535311671947,-0.25429795578559306,-0.30742330969708953
2021-04-02,6.4878024462214485,0.511026147279256,3.879085100001878
2021-04-03,4.39216016119247,0.20525655166081297,4.896663147198481
2021-04-04,4.6483081316837875,0.059270145961839424,18.883750520299838
2021-04-05,0.2753136781135308,1.5199350969189307,-0.06778597186969249
2021-04-06,5.450306149705495,0.39690004144905355,14.188923104439613
2021-04-07,3.953038354520634,0.32952454105432005,0.7859768370695562
2021-04-08,5.824397230835661,0.3586884203420865,1.4643878003326298
2021-04-09,3.41035477460558,0.5593792595483509,9.727849825686581
2021-04-10,3.60314653611049,0.6080048856321882,1.413847692308828
2021-04-11,3.9421651811612426,0.6142665204155375,1.768702365717137
2021-04-12,6.715954792827113,0.22584265329037873,5.448330303689798
2021-04-13,4.881645101369783,0.36914503236140855,1.5961624432324841
2021-04-14,4.459426212783452,0.6298357237057766,-0.6032174065015438
2021-04-15,4.822068206360065,1.144755145613926,2.9952140711547273
2021-04-16,4.55391431433235,0.6660430445400386,3.3872618245559902
2021-04-17,9.129241521081056,0.6766375684047953,3.548904822038445
2021-04-18,7.871471434462736,1.1437053516624192,4.119325536700497
2021-04-19,8.804908378890097,1.2781229613776794,6.286741373221125
2021-04-20,34.53886490055867,2.186736528655467,13.602040205878627
2021-04-21,5.9797383217966145,18.876285731333223,3.273840249853699
2021-04-22,7.532017485211584,3.6295415437942977,-0.9035206825520241
2021-04-23,4.203050101762781,3.9561501458769412,7.827591274375385
2021-04-24,3.8684207878113566,0.42373481984405054,1.1739608658701017
2021-04-25,5.251460590055599,6.501413085933343,0.3251166776541755
2021-04-26,2.652831634683894,4.0712015870814025,-1.276334144971913
2021-04-27,4.1196236569901075,3.851422881633855,0.9566818744151468
2021-04-28,4.828819605319543,8.16073617204342,11.401037814695176
2021-04-29,1.7134826496062139,4.910050238059604,5.249657905230665
2021-04-30,4.067367045777272,3.2521878005970084,0.10418242845983336
2021-05-01,4.448883077069224,3.1112848617499242,0.7173657173400645
2021-05-02,2.7739427117931914,2.7040734560918676,0.3412341490452953
2021-05-03,2.750768739936015,2.5749268792457682,-0.13184998173860404
2021-05-04,1.876778059006801,2.9704092454972697,0.3405043491875907
2021-05-05,6.745428290502174,-2.3069236004487337,-0.2735455029942969
2021-05-06,3.916585562890429,0.5542408402414303,0.1299547319313843
2021-05-07,10.246194234356672,1.2926954363974024,0.206717530108938
2021-05-08,3.692847531377846,2.8974587907509988,0.2962230253759149
2021-05-09,2.759915300151806,1.5832374887218643,0.22134517149572536
2021-05-10,14.385140845905763,8.936019517837803,0.11003528442506566
2021-05-11,6.059743591132465,16.026274313925036,0.17190932562461222
2021-05-12,4.0712661312043705,1.6756845552118254,-0.20827019444128325
2021-05-13,8.350950991359039,2.454126031413778,-0.5009227956204728
2021-05-14,6.605555175456292,0.7350535960563823,0.1410397314108127
2021-05-15,4.054577536141501,1.0451983981927668,0.14145916551280946
2021-05-16,7.508986109409607,1.142571852274801,0.14470441695173103
2021-05-17,4.542984979004441,4.461918925451414,0.12830468274325602
2021-05-18,7.846123394469415,0.11334215269516498,0.14823722043648382
2021-05-19,13.879022460104276,6.7302149677879815,0.7462055751351611
2021-05-20,2.294630845812377,-0.0335957096215754,3.465441560771728
2021-05-21,-1.1048342834534686,1.9505484498086434,0.1609872638182072
2021-05-22,5.410574086188565,0.1670158204993786,0.15669318470364219
2021-05-23,4.5594295056609875,0.73446646428327,0.15801342741085847
2021-05-24,5.885949202511396,6.140025791422521,8.140428000976149
2021-05-25,0.41179309068878345,1.2557169580820693,0.1578013217359447
2021-05-26,0.702421930924374,-0.7777703080035773,2.812765498934065
2021-05-27,2.4149684825153424,0.2510113893669905,0.3479943213769693
2021-05-28,5.00822669510089,0.24831548833213757,0.18395756267316477
2021-05-29,5.623535698819657,0.06713585724799132,0.17400478151965348
2021-05-30,3.875064893276618,0.3740034693259429,0.17755970072252128
2021-05-31,-0.5902267459572579,0.2515008997956388,0.1237174132881996
2021-06-01,2.6921921544526404,0.06585065842914045,0.23656084954238957
2021-06-02,4.889715916327217,0.2588755233798875,-0.008407317776813382
2021-06-03,6.949423882876493,0.14364628081782482,0.04461692526922434
2021-06-04,1.6576721299481363,1.2138455082083417,4.216872544842207
2021-06-05,7.288717792485184,0.9236062656333232,0.2874213096154196
2021-06-06,6.221125796088606,0.19765758822712326,0.31881518166158507
2021-06-07,14.147330823178661,0.18877968796467756,3.792688894542518
2021-06-08,15.419695663811497,0.10523848558472199,9.31362130144838
2021-06-09,13.293491739861508,0.1866118796939428,0.36206739293892065
2021-06-10,6.541009197775839,-0.07301448457318321,-1.4428571240237889
2021-06-11,13.430927149336581,-0.4305891545035933,0.010089944191347929
2021-06-12,8.12855509278921,-0.10087084276462116,0.5025849160625715
2021-06-13,8.710924271254253,0.13879256105897195,0.5426400386813861
2021-06-14,9.774653197682163,0.12806814292785132,10.69664822953863
2021-06-15,9.150003380893796,0.11475616274981966,0.3110383322505784
2021-06-16,18.59287003609471,0.10016210540873186,9.70531693472982
2021-06-17,13.631211025337425,0.8202372451716051,1.2882172874926678
2021-06-18,7.764535702824844,-0.10953449957843114,5.835861462665329
2021-06-19,6.8985160669096,-0.024428223656537188,0.7449579884115707
2021-06-20,9.55608449968032,0.06653868679681446,0.7866258582020624
2021-06-21,4.732570328417875,0.058941344936283405,1.394375087268657
2021-06-22,8.577489831556576,0.05106261579969461,1.3250309226062302
2021-06-23,3.0955197312850022,0.04482627504331708,0.3438829606338991
2021-06-24,4.575631978406409,-0.20311220689930568,2.289474650365638
2021-06-25,4.175002118158535,0.035028120104119806,1.6701854147148563
2021-06-26,6.313075726073791,0.028849720128866836,0.8010311768730223
2021-06-27,4.873019969444988,0.02301300878115775,0.7898756990297773
2021-06-28,8.009859718050642,0.018161648441490267,0.12503409301471416
2021-06-29,2.4061578890920807,0.015275241272975212,1.206049017875505
2021-06-30,7.6969982485658175,0.014736907265065194,7.778355236002375
2021-07-01,8.83748687376266,-0.07982862357403774,0.917724016221729
2021-07-02,8.65202299238896,0.013010094052136292,0.6083265966488484
2021-07-03,5.2101631196933935,0.009078574490219994,0.722367234896614
2021-07-04,5.704183898008575,0.005300049814912603,0.7203859597048353
2021-07-05,3.2352017898176078,0.002883301336071635,0.3362700962940517
2021-07-06,7.6729701849357745,0.0020561423313357413,0.18266223916945074
2021-07-07,8.338716618753711,0.002302970298126236,0.8082518983452542
2021-07-08,3.400227496202055,0.0019792288605173574,-0.5042911808193165
2021-07-09,2.7563640188936844,-0.0011404742941065087,-0.06429327704384816
2021-07-10,7.914712562952744,-0.0050356303498641,0.7217383576601181
2021-07-11,6.522935169359409,-0.006863495973624818,0.7357087106726504
2021-07-12,19.535699342585197,-0.005400359445191395,5.270333956660621
2021-07-13,3.2886537921056735,-0.0015280911582307077,0.0962273643342343
2021-07-14,3.749549298479495,0.0023385362154406415,1.3926283735604792
2021-07-15,4.856241264706918,0.005736075395952726,10.856254584738275
2021-07-16,9.107939019886224,0.006482758167592007,0.7851275527736372
2021-07-17,4.712875402662583,0.008282131157815429,0.7949864518835339
2021-07-18,3.765281435606285,0.014212465745740482,0.7477992909568036
2021-07-19,8.63124053922991,0.02404816969368034,1.1630431323144568
2021-07-20,17.35804363141933,0.036878514757326245,1.9987923456856185
2021-07-21,6.165554088775774,-0.25541765051024734,0.8308558988077444
2021-07-22,9.085516028072563,0.06116075904849233,0.9684884857448668
2021-07-23,8.106497094565166,0.07540346264327459,4.582244299757805
2021-07-24,6.976852689421469,0.09313953815890935,0.6711791778283502
2021-07-25,12.921094406736412,0.11533499771624435,0.6608404301878266
2021-07-26,4.454882448506579,0.04003361803325575,9.142887076450029
2021-07-27,6.8779369929308825,0.16272669881512153,0.8762727501607843
2021-07-28,3.9315469424654497,-0.938375155452165,7.449852332082815
2021-07-29,3.7800833763724944,0.19319555254443038,0.9022143612116071
2021-07-30,-0.03336146012217389,0.21643855780988938,1.525006782278155
2021-07-31,6.169365996661266,0.2337315178035861,3.4879748495625664
2021-08-01,6.07200028613701,0.2525140109013201,0.4843701768940637
2021-08-02,7.890248568721702,0.019419622424198636,-0.18677713859390196
2021-08-03,8.195490118725159,0.30216987074621504,0.05651859348733039
2021-08-04,5.235227245356926,1.3826558706634136,-0.08065651389250374
2021-08-05,5.641399982821847,0.3828129526538459,-0.06576981138743582
2021-08-06,5.576344398131511,0.3916072390561324,-0.3630952459107431
2021-08-07,4.924467249301448,0.35344558630646333,0.315545273327068
2021-08-08,5.54059264363495,0.49023932175395385,0.3522584950427478
2021-08-09,7.002294465172466,1.0237341184530975,11.323056365129768
2021-08-10,5.220121822080033,0.3921034029077386,3.154427049442498
2021-08-11,14.391238961105945,-2.5469598349354374,6.278384739221609
2021-08-12,13.070262690913124,3.4480476816565973,-0.10350644346238472
2021-08-13,13.756744741895893,0.7535531210227607,0.020901600170453956
2021-08-14,16.882936458474383,0.444992589659718,0.2809402644393194
2021-08-15,9.854217912715868,0.8454065558384216,0.39588435495333457
2021-08-16,9.087455412286353,0.11425022424177747,0.6506582050096346
2021-08-17,6.289653630785044,0.4691302361166865,0.17392660959403733
2021-08-18,6.113825326304692,-0.45143080364200694,0.4361004296353365
2021-08-19,7.363614882817316,0.3739426027488234,0.9971898225411234
2021-08-20,6.203412050612659,5.0638044525648365,0.01324151310818702
2021-08-21,4.575036728947198,1.5860017699944056,0.5922125503490643
2021-08-22,5.693620409988004,1.1592739894264257,0.626046398744921
2021-08-23,4.464643357686663,3.5295222512802535,-1.8833543150201546
2021-08-24,6.7565203756653744,2.7069814370535052,0.9864512601209505
2021-08-25,8.877497192833598,2.0076153193309683,0.32719251758491463
2021-08-26,2.566513386992009,2.1014627653925713,1.247385603461011
2021-08-27,2.282467137118531,1.1954103285146198,1.9375423476996747
2021-08-28,5.78753960590831,1.590224557873976,0.9036385231964954
2021-08-29,6.04150435630539,1.0880530838449562,0.8946572906267607
2021-08-30,4.198067469166968,0.4448363150074642,1.1304107728805024
2021-08-31,2.7156784744528,0.6805929277537095,-0.5838902524001581
2021-09-01,4.2345888586689835,5.394257573954526,0.6746424733885661
2021-09-02,16.31677891271178,1.4318719437275613,0.7995827300791662
2021-09-03,7.94517422022767,0.8948593607224676,1.0271778392556974
2021-09-04,6.2338441452771045,0.36234442598749445,1.2021811148120618
2021-09-05,6.782748274524143,0.9032675096428597,9.219145865256145
2021-09-06,9.628848649690617,0.30874058520698533,2.620874337854313
2021-09-07,9.532077699686948,3.9610637064615846,1.6764914968770817
2021-09-08,5.052979969299473,8.664392774521081,1.7462065634408486
2021-09-09,8.796753444742786,0.372248218010087,5.563394132167496
2021-09-10,4.239424505629383,0.5261243581506341,10.566145182294385
2021-09-11,8.756630502944798,0.13715727136061073,1.4985122915227627
2021-09-12,7.2041208759770035,0.8078510530802846,1.7076946491297158
2021-09-13,11.188868590059183,0.7905112712354732,0.5624769138361034
2021-09-14,-4.065182761455951,-0.9881754560730718,-1.309116949478058
2021-09-15,9.90745159357719,0.9189595436800024,-2.435927599213634
2021-09-16,18.58528955757866,1.7293896095664227,0.21094147459012239
2021-09-17,12.820944669260912,5.312171540277797,2.2865269796748615
2021-09-18,8.080921907207175,1.9991434709421407,1.7219875944148422
2021-09-19,7.993583721672968,0.8331490574354966,2.5408393828404945
2021-09-20,5.569387005103885,1.5539515397507753,2.5955072228392795
2021-09-21,10.249959919687022,2.0347041960994243,2.6920963975650185
2021-09-22,6.554466408630342,0.8586164211772933,1.432743196770296
2021-09-23,4.691756504480939,0.36922929492831547,3.639869588078574
2021-09-24,5.376883536803766,1.3857469779025438,3.3352068196201023
2021-09-25,5.849459170295883,1.14528619425064,5.689384382327686
2021-09-26,6.8373173367181,0.8845363439081606,4.4886190524664755
2021-09-27,6.2891069327816975,1.8898404337822696,-2.0891756661270895
2021-09-28,3.1975995489153073,1.6345546375875917,-1.924889138153901
2021-09-29,5.934038756742206,0.36127483417100437,5.566948165456658
2021-09-30,10.073127753729201,0.018858434308230528,-0.2977763140349783
2021-10-01,7.401594410118486,0.6499064262321247,3.4494607815923364
2021-10-02,6.282004641876131,0.5622160286860431,26.38280595452617
2021-10-03,5.580985897568976,0.7607178389876351,6.184988372182063
2021-10-04,5.474197838092774,0.3505179754869084,-6.834075030622721
2021-10-05,13.037088846641911,-2.00210067919677,11.549279685273548
2021-10-06,8.913922551748646,1.8703330073400593,2.090561667450797
2021-10-07,5.7657507924656635,10.047663401967078,7.692820644248963
2021-10-08,4.918249940675497,7.037828401133115,7.1150200941481145
2021-10-09,11.388640283990618,4.8392658010808445,7.1486790704138725
2021-10-10,13.268607110235697,2.6996489838664086,7.4458035453927005
2021-10-11,19.014671772305906,1.6991135323741648,7.856450351568654
2021-10-12,5.94774422340962,1.6644002485760696,58.045021415012926
2021-10-13,11.127118490156281,3.7696658752753303,24.42580120095981
2021-10-14,9.205962454232983,1.585428491325453,7.641894946386895
2021-10-15,15.073246856987916,1.4116823826689882,7.83146442600294
2021-10-16,10.739867629618107,0.9150343481494195,7.527141004992511
2021-10-17,10.883546985668586,0.6923663376842204,7.088623824705257
2021-10-18,13.95283357360262,0.43107059406987863,32.507153676651775
2021-10-19,11.590487818749414,1.3884635844725524,7.896520452614968
2021-10-20,9.008382643403806,0.8793882013891212,7.8672413318137995
2021-10-21,16.56378409018624,4.594908396764026,7.877376345470886
2021-10-22,15.592632961161264,4.1294459930462475,16.293948236345333
2021-10-23,13.11805871129085,0.6870377952012979,6.809301103288558
2021-10-24,19.383757774002735,0.7274852192982264,11.343972300669769
2021-10-25,17.549127296052774,2.1345979007871225,3.4818268021273204
2021-10-26,39.57375617746765,-0.2723750131132757,7.120088300449916
2021-10-27,17.657937798819987,0.2013521979966061,10.766687220900026
2021-10-28,25.957127577486396,-2.4628220037998765,-2.055011431779083
2021-10-29,15.24435323526522,14.951737684863666,11.49010175378268
2021-10-30,19.53225939503472,1.5007712598712455,5.25204680361096
2021-10-31,10.922023902326524,0.781614474213825,4.793827640936408
2021-11-01,10.77292901597098,0.9030730704096501,4.166669521505726
2021-11-02,13.739648126291955,1.4256100330418895,23.693956998191357
2021-11-03,16.118291847439842,0.1295504240116323,-4.215039198935326
2021-11-04,12.887710651185374,0.4111784494097952,8.86666326947492
2021-11-05,12.264338537653558,0.3709223013467232,4.219335910384158
2021-11-06,12.139530223848274,0.6614229052765268,4.701082480995122
2021-11-07,9.876456246213504,1.117280623776674,4.469996778226282
2021-11-08,15.451821010974594,0.5886517263149273,4.48127550182862
2021-11-09,16.86307235870636,6.367488742643326,4.556945390355861
2021-11-10,0.4407124193638827,0.9480273920162953,4.62600579367011
2021-11-11,23.178892512479067,-5.595277020673176,4.695773762368346
2021-11-12,8.101062979967853,1.6337443873507258,0.9016279230879314
2021-11-13,11.363989055310075,1.4217526219013406,4.5316895330064995
2021-11-14,12.309153157687675,1.9842543251293323,4.426751679116789
2021-11-15,19.81853646883858,-1.772213184922693,13.702132234203281
2021-11-16,8.750556607804397,4.123413035977203,11.480819235973259
2021-11-17,9.59023465392169,4.8744439509574145,-2.007260478387673
2021-11-18,9.371480753711669,5.447978685639958,3.659609134518968
2021-11-19,8.501891348046875,31.82990914543938,4.138069389645236
2021-11-20,8.38450526858096,7.029834133529796,3.697814412966027
2021-11-21,14.772436208167775,7.764929246402351,10.412437398946562
2021-11-22,6.563379124716146,25.154668036897615,10.065169583482069
2021-11-23,-0.8747344415676714,29.841551272783146,6.67186513954371
2021-11-24,4.079545100929427,18.83540680738778,4.057295435643917
2021-11-25,7.7995760169112,-2.5607543896199925,0.6459466483067906
2021-11-26,11.316871524647704,-0.9451380707220354,0.33721901483282923
2021-11-27,5.726825136918563,9.729492707308783,2.8597758934952155
2021-11-28,6.789421018348698,2.695736943735097,2.666173397778678
2021-11-29,9.611704804941882,9.761195293429083,9.685107281890454
2021-11-30,9.949414694349953,8.664651502821986,2.3223762059681956
2021-12-01,8.187545932708149,9.058749441647562,2.110788103986385
2021-12-02,8.419426548232876,40.395070257189545,1.7994516035910957
2021-12-03,11.878424293308143,30.134441093205947,1.8495119272775924
2021-12-04,11.03024922496746,7.135198846130463,2.051789384313347
2021-12-05,8.969842825156897,3.3940414512398576,1.8896737184589973
2021-12-06,2.992145337251974,7.092498896424182,1.6635268434498363
2021-12-07,8.569275948599621,5.873123367994651,-0.2547148032014993
2021-12-08,10.84612683129761,10.814481658950314,-2.1505626909677034
2021-12-09,7.54180874302447,6.701331665006304,1.7926265672475163
2021-12-10,3.9504080102341272,6.726497657852324,4.364919073775729
2021-12-11,5.778522691860601,3.0733951877579178,1.3859826720877766
2021-12-12,7.639121118117201,7.006789679229209,1.3099376731731642
2021-12-13,9.985267353211935,28.183327122762687,-2.1198310377718106
2021-12-14,5.5568008968544795,10.806924115622689,1.4817988891361091
2021-12-15,4.955743801107042,29.71568035647974,-1.8151011701861668
2021-12-16,17.59540873528432,37.62664980421956,0.6882968253913082
2021-12-17,9.132494708867055,14.915983306819761,10.918082492703048
2021-12-18,7.57617944998473,4.298644732502189,0.8327279263657171
2021-12-19,4.733273167899625,1.5064367466724664,0.7454146067205845
2021-12-20,6.63773449700305,-0.5495207398696837,7.8147016846708945
2021-12-21,7.529377626237275,1.6764237707898098,8.091476537372438
2021-12-22,6.426758188832933,0.9969363027327072,5.036364347628695
2021-12-23,5.509416320612814,0.4009353964589358,5.412066966526716
2021-12-24,2.7180540407240783,-2.0048142833047766,0.2369421430086753
2021-12-25,2.82357831595475,-0.45646730925628065,0.4182672769074174
2021-12-26,4.592713883239579,1.0359528609628308,0.3929308934235749
2021-12-27,-1.4985295563574408,0.8313830535286525,-0.056652086594730505
2021-12-28,0.2228948509331683,1.4981834398085083,-0.1420583882554951
2021-12-29,-1.12804352649438,0.7792895075173973,0.010020890464047444
2021-12-30,0.22258413209830485,0.8803181522723389,0.1358230667076445
2021-12-31,2.359467583733423,0.9080333408465715,0.07697044415026894
2022-01-01,7.325645193101574,1.5629887326222094,0.5261330604567855
2022-01-02,5.964330130256231,1.8116728646011528,0.5837666395111468
2022-01-03,7.143905601058584,0.935730502707719,0.4576811543857797
2022-01-04,7.533438298809295,7.412852757623742,-1.4435705569993318
2022-01-05,7.502214120629741,9.071269978566807,6.523907124368664
2022-01-06,7.086368573989356,14.415572115695253,-0.5682346243863873
2022-01-07,1.1719851124578375,18.0428297217208,1.2144418101493375
2022-01-08,4.588840784827747,10.826765292126161,1.0726927591852273
2022-01-09,3.8579038489241846,2.1997862294696464,1.1894951107468172
2022-01-10,3.7691366671623285,8.042127576786752,0.9883503082052868
2022-01-11,5.870477634065504,2.6927834239770694,0.9299456915378745
2022-01-12,8.427356252243108,12.351463284815152,-0.21929711008304875
2022-01-13,8.146242315378942,-4.815786834234477,3.1417938108662478
2022-01-14,9.542063003622255,4.5964909063128285,1.6379144127611216
2022-01-15,6.207117490897466,4.419470062696468,1.8446268932219703
2022-01-16,6.874405609972651,4.303848106898451,2.165373974957199
2022-01-17,10.349680166423678,4.33158051068841,14.921817218969862
2022-01-18,4.10860798849387,-2.0213770330625307,3.4958248771386327
2022-01-19,2.5619263433499144,4.10021452851262,3.0729306653410426
2022-01-20,5.652838853914981,3.989509375789961,-1.3686025714664243
2022-01-21,8.8533405017119,3.5307133998052054,11.225500808631642
2022-01-22,7.53221673056727,3.5097435471694096,2.378519637721099
2022-01-23,8.552026027123938,3.5936829612851615,3.0650958169079288
2022-01-24,8.761618034890658,3.1115363219598526,9.12495864592054
2022-01-25,5.605297422375425,-4.215245476838179,3.1831916760836556
2022-01-26,11.361483033391156,3.329097613427404,4.903714127659581
2022-01-27,28.438241233760557,3.6576916526796914,3.1316782403266155
2022-01-28,4.96433692590366,3.1750599999949274,2.8525018056114466
2022-01-29,8.1796012673247,4.69320781485583,4.693000773524162
2022-01-30,7.719214252144464,34.905510983959495,3.6043547784837475
2022-01-31,6.772637850027132,5.0854912469066855,4.08003778243762
2022-02-01,14.795696796663849,5.012091176420056,-1.7706400222926968
2022-02-02,13.00704388656596,24.956037361871513,0.7881977844575505
2022-02-03,9.385715682996965,1.5240218231126508,5.106355659478004
2022-02-04,13.25232407437231,5.235090384275919,0.2330351085683847
2022-02-05,21.355202658600263,5.079526835501881,3.648758645300118
2022-02-06,34.33588367684745,6.339493432498615,3.6186383672194697
2022-02-07,12.666066492110156,2.105591898891449,14.972195238518122
2022-02-08,13.54521459709294,35.4541055494911,4.401182333387908
2022-02-09,8.347954639282943,7.750569440457829,3.8304407130076945
2022-02-10,14.397855757030788,35.620920335725074,4.44342173823996
2022-02-11,8.273060106515272,51.343177397752,3.858043575895435
2022-02-12,10.087210258778068,8.080220207129301,3.632246271332518
2022-02-13,12.978439451003418,7.27743373400997,3.3092700187118282
2022-02-14,9.330210860590954,8.06089072556698,-0.11982218028845137
2022-02-15,11.070695939265658,18.88607921050498,2.674041047885826
2022-02-16,20.676133485157465,13.758686282393581,9.76786738895525
2022-02-17,21.38161255730401,7.965469771750424,2.077316945499315
2022-02-18,15.543874376417314,8.67896338175863,2.55106342104211
2022-02-19,10.206010794388906,7.9825026754205455,2.668079698683171
2022-02-20,7.12011701061744,7.717361930502035,3.0360286535698235
2022-02-21,12.096378099663621,6.083426700958072,2.8245000727927976
2022-02-22,4.568242508912403,8.35741085819313,0.12809922622500092
2022-02-23,8.55457127302258,8.490822333934219,2.3878214031403098
2022-02-24,8.940837917155344,3.035169981323759,0.7280158095136726
2022-02-25,8.2612139717526,9.543785781416958,3.8300683873314165
2022-02-26,9.331593881539192,15.749254098642794,3.985201934248504
2022-02-27,7.112418570576461,9.047789515788118,4.18832961621397
2022-02-28,5.778582889938152,9.227667984268694,10.007141250117524
2022-03-01,7.719668630054878,-0.6169278391078854,3.075883664227324
2022-03-02,18.054681491352373,-4.469099579886111,3.521597118723331
2022-03-03,3.7303846076520557,7.292762773243664,2.0367282396583217
2022-03-04,-4.959915112613736,7.526270286217889,-2.468854243629308
2022-03-05,7.093383320075879,7.61708226121889,3.555865748602333
2022-03-06,8.794881522948259,8.204501736418042,3.671058393056332
2022-03-07,7.689094861711123,8.465051095917469,4.212132738758241
2022-03-08,10.781560529300704,-2.2916016510148465,7.793193483631756
2022-03-09,7.074692396768805,-1.7089032643114743,9.161100281918856
2022-03-10,8.273405651093785,-5.599136076092275,6.128269615950952
2022-03-11,7.412165564139476,9.274886236459224,5.313948663464874
2022-03-12,8.53504338392498,10.42312208245407,5.196113896036912
2022-03-13,8.776103302752833,8.125800391064042,5.2897453790798625
2022-03-14,8.47279418123601,10.189926332677805,11.681323827305453
2022-03-15,7.620536493333459,22.13806067671747,4.953113922079318
2022-03-16,9.464379293399375,24.16707051940886,25.65828018292287
2022-03-17,10.575746678301472,10.7187298202763,4.973544659104184
2022-03-18,8.835105778607552,42.81776433448473,4.257804065710582
2022-03-19,8.61045217040243,9.792093208121752,4.87429290690402
2022-03-20,8.896935697093735,11.81010837590388,4.965353388816498
2022-03-21,9.152037047258505,15.694527070061483,1.369219984973761
2022-03-22,7.339691033479648,11.057570969445,5.0243803831297384
2022-03-23,2.5535426508062553,11.026597963606637,5.094934726091097
2022-03-24,9.954030775625387,-2.492634706785646,1.2962659686210234
2022-03-25,0.5203818508526572,10.819972009043656,6.353106823869741
2022-03-26,13.182903920907247,10.632059962029558,5.463194524729624
2022-03-27,12.433188714249242,13.08167061207062,5.612846560734085
2022-03-28,11.064137985546452,6.276981012183851,5.564059875625959
2022-03-29,1.2573056298673886,-2.494110278594672,-3.6100884952079557
2022-03-30,14.881642187374135,-2.1206323169026917,17.58191369738897
2022-03-31,27.575649435885516,18.523686200733927,6.214844536305065
2022-04-01,14.579797637868381,23.188502764418082,5.728684295947343
2022-04-02,9.196042274908184,8.292813464812816,6.037222490433211
2022-04-03,10.476211610345063,8.606739681114682,6.663704421771036
2022-04-04,10.04954257756279,8.993982937702174,7.786490007927186
2022-04-05,15.590478465665427,8.991711109723356,8.307951911060982
2022-04-06,14.818988642027401,10.187855317173948,9.435743548137625
2022-04-07,10.060465410729611,9.43018697133044,25.079247521946538
2022-04-08,7.781390926450369,2.58449322993543,1.7053914677952915
2022-04-09,10.268784506721788,9.8427450977136,12.921453377682969
2022-04-10,10.678660093828503,9.437569086581933,6.65464948894281
2022-04-11,12.35774854882381,9.320557419311799,10.20175204017076
2022-04-12,11.160934908725652,9.207036404609617,7.143029599787477
2022-04-13,13.023286421667024,8.491731817557865,7.028885587898892
2022-04-14,12.249740428828895,9.0129363034255,11.337984045782248
2022-04-15,12.893123194100115,8.92696951477292,5.9996087051019344
2022-04-16,16.920387497775813,8.381150554162547,6.245544984118153
2022-04-17,10.10675300863253,9.549609273973726,5.7130658345441505
2022-04-18,-4.502752753895338,23.464308452572798,-1.8078220876768019
2022-04-19,5.186892362600161,2.516749222745995,11.186627096136268
2022-04-20,5.795229013832423,8.090114616660255,25.639354765109857
2022-04-21,8.824953991935368,1.1297784312263048,5.020889268925778
2022-04-22,8.79428386333777,0.9536140899533987,4.397397858883876
2022-04-23,6.70375326103485,7.904676410759905,4.188659286535958
2022-04-24,9.134981842225972,6.4007979632122165,4.414965971421428
2022-04-25,24.896391959533446,2.3831403537516582,3.9818258964043483
2022-04-26,12.398346583834511,-2.818767004516528,7.9066246877538795
2022-04-27,29.282707335876726,8.202406034912961,3.7526375131661007
2022-04-28,20.067852956761573,-1.2411142062710354,2.7527551917232715
2022-04-29,8.701542220115495,7.051312960301702,3.432648926301214
2022-04-30,9.231790494108186,5.897974188907439,3.267363851652906
2022-05-01,8.551028305661,6.088048650839017,3.1915945123417035
2022-05-02,8.045664653185193,6.465068006865921,5.461545953122
2022-05-03,7.4114200858404775,6.34718836012564,3.2260787891990574
2022-05-04,4.720845522504861,-0.34946954193276847,-0.7294124302987701
2022-05-05,5.223198366634808,6.1692778531850045,3.157594861154195
2022-05-06,1.8887584267994884,6.335352224868684,10.012716859831883
2022-05-07,7.2517558511061,5.29878610430817,4.537867885481717
2022-05-08,6.610823908805039,6.0502605715168825,3.409951014076381
2022-05-09,3.321488707076199,9.698227517011157,1.5736906697990434
2022-05-10,3.207251955638339,5.579538678075831,2.2029075692748177
2022-05-11,8.261614800633778,5.336242233566898,0.84143666078896
2022-05-12,5.296835263959766,0.49311303298116427,2.925103870170709
2022-05-13,10.786345112824586,4.621289437135995,-5.594908842394615
2022-05-14,6.23826823804186,6.588438360648624,2.1228547666853124
2022-05-15,5.821544069465649,4.541981710327141,2.0842124582193886
2022-05-16,4.8621173226954095,0.3275916470780963,1.5809937499632538
2022-05-17,25.13742865558743,15.60306773924719,2.1367403857701044
2022-05-18,5.8952775016629095,13.719886983223656,2.252636796161796
2022-05-19,10.255075350960526,21.43607179315238,1.9392316459520555
2022-05-20,4.249161071111651,6.240991881006265,2.092500101423001
2022-05-21,7.236573479206605,6.173068858279446,2.1460708946761757
2022-05-22,36.24769620524773,6.517852323444611,2.174372846887867
2022-05-23,25.44943987483937,4.443130626411982,1.777053619414318
2022-05-24,10.100635640434946,2.357066117055126,4.378173064367397
2022-05-25,5.320397527416877,-4.017391984537823,-0.23831670769927427
2022-05-26,8.127561024409966,2.0651595310878785,2.1152539249740756
2022-05-27,11.739547921688263,1.562420224701117,-6.346677948746854
2022-05-28,5.881673729662049,1.2805541878870137,2.1254925558682514
2022-05-29,25.92099292286379,1.8597079496510156,2.2199920943681533
2022-05-30,6.0370180507146465,0.8163066480528882,2.774707547855253
2022-05-31,6.0852262262663155,0.4999661249052575,7.482708640294409
2022-06-01,8.840460609844072,1.4417243419673778,-1.6203002971190852
2022-06-02,5.330115000543305,2.4917271081319257,1.8709915873876959
2022-06-03,4.286699891493893,0.9635387959439685,2.0758550081409894
2022-06-04,7.416815774438095,2.9167079762509776,1.9925255546227212
2022-06-05,7.305856435616539,2.165511502460518,2.0764578432958403
2022-06-06,9.974963479864298,2.148809520570026,-0.5614567081044199
2022-06-07,3.25249504291948,5.570544236487992,2.790385068883881
2022-06-08,19.371855066305155,-0.9522447110851715,2.739204749708108
2022-06-09,4.260802059475838,2.0884881122414964,6.30972609476403
2022-06-10,10.501101762940365,3.1889636744612693,11.256665105597481
2022-06-11,10.302755202916202,9.662881432501237,2.7841252656404736
2022-06-12,6.895587949658893,2.962934418511103,6.807755223264225
2022-06-13,10.264721418906182,3.2519288755732974,3.3209243022718793
2022-06-14,12.79893333317305,3.2567008811470037,1.658919681729052
2022-06-15,10.17446805058932,11.80535451254766,2.5891150872823987
2022-06-16,12.207307265327445,5.7562129501990515,1.5004448178925776
2022-06-17,9.67856635573839,2.9769931001141123,0.9186279724984102
2022-06-18,10.89597489041477,2.3275139079482376,1.425693900176157
2022-06-19,13.377179531253818,3.4735381575732,1.4149350314220883
2022-06-20,11.662215634835238,9.930892176693163,0.721154634418354
2022-06-21,11.759803235043275,8.384484409064376,1.4202958010514106
2022-06-22,10.741683492400108,4.219200658377051,0.8657846901917488
2022-06-23,15.819081410450202,4.048391014563135,1.6128163410900247
2022-06-24,33.23897919445107,4.880217603862452,0.8244581143837644
2022-06-25,15.520452997486874,4.481626645586951,1.3177415679756623
2022-06-26,22.409555388125497,3.482851008186144,1.2550881713319542
2022-06-27,39.973971435367716,3.437431410505264,10.668737948733595
2022-06-28,26.09766543225953,11.84878634409597,1.3504933832613215
2022-06-29,34.49439365844992,2.991223276248717,-4.9772410097864785
2022-06-30,18.115927288483995,-1.8511703770017354,0.7670576051075502
2022-07-01,-1.6138398893252743,4.1303223107507305,3.982682659897474
2022-07-02,15.148665554897578,8.968884195821014,1.6532711580203756
2022-07-03,13.772151466329914,3.2754735875470615,1.6484768660631655
2022-07-04,-1.753145978420343,3.737125751725305,1.1903484452801651
2022-07-05,16.43872085804392,3.7329793676070944,1.4351542892448264
2022-07-06,19.95517888658825,3.490796898846781,4.5087748921412105
2022-07-07,10.878612998975335,15.37570128175719,10.915593203315797
2022-07-08,19.41523552041088,2.290470481113291,1.833180617865927
2022-07-09,22.357573552900632,3.4622259016192514,2.1917246753605477
2022-07-10,17.947372512379538,4.925745907264945,2.383488803511022
2022-07-11,19.846096019390128,11.551973946305104,6.486902921938858
2022-07-12,19.876935888843672,3.224638621198259,12.579053532692642
2022-07-13,90.30628094743497,4.546849521666006,2.756053291186954
2022-07-14,17.435175936057227,4.497231789778158,2.857802307256177
2022-07-15,6.890949323246289,4.101079045580587,5.455999992409773
2022-07-16,16.700401246545315,4.6209132391587735,2.7056202843154935
2022-07-17,15.823935944931701,4.5807151772411245,7.99601650728543
2022-07-18,46.861709701801956,18.278097029788253,3.227759678037497
2022-07-19,26.36007360261365,8.202073490952918,3.348139215396613
2022-07-20,17.99358683642928,4.316690943847934,-0.7863724498665121
2022-07-21,18.95974546274515,-0.32311340042299186,12.687451403449858
2022-07-22,15.103614484702177,5.534345077842863,4.192379197128807
2022-07-23,12.691750402750213,0.5215616667720606,4.296722850167454
2022-07-24,12.255533500262677,4.240064740408547,3.6934710432659936
2022-07-25,9.968873366292058,3.9689888756929443,9.106390446055364
2022-07-26,13.065875112237906,2.6775161181137594,7.210177290924706
2022-07-27,13.400603139802145,4.20135728566696,3.6633274827293145
2022-07-28,11.787839148814918,-3.129191380884076,-1.2225500821574147
2022-07-29,10.247586681846112,6.088768842300297,9.37315345407557
2022-07-30,13.502040470710355,10.456594198250318,4.08519465811796
2022-07-31,16.361189500445548,2.0237309710183338,4.077220202244028
2022-08-01,12.85735238850321,2.291034508006125,-0.8337339930821068
2022-08-02,9.376873033770094,2.56290444506712,11.434589873681443
2022-08-03,8.205248649818037,0.809128205345401,0.8177568916379738
2022-08-04,13.803673996972893,2.1826085330563885,4.932461448595335
2022-08-05,8.738727847594323,2.085253430272863,5.504352366860941
2022-08-06,12.487874043828231,2.438524350974195,4.522351082422809
2022-08-07,15.007465690066535,2.9508692663633456,10.185243243129698
2022-08-08,22.52155659143571,7.273590246432933,4.9082477527247494
2022-08-09,12.998947115813957,2.211823087548784,5.099118623771201
2022-08-10,12.309948050474667,1.193307197324514,4.296476171924191
2022-08-11,21.680771007136073,-2.634922778136926,10.684315190089954
2022-08-12,13.359073524480259,12.354731733697742,11.597023295662641
2022-08-13,12.496391966460589,1.1549377628717385,8.360062941218022
2022-08-14,8.704362688573678,1.9297544056090412,4.900927235050155
2022-08-15,10.392515937757151,11.136167301118887,5.432281654396865
2022-08-16,11.997155793589787,3.5030322138236754,3.591577411842633
2022-08-17,-0.11295711942383146,2.6147889557708153,5.360685107454508
2022-08-18,8.214247279006848,2.5434902346626704,4.067782855945354
2022-08-19,-2.1825937195641427,2.806063515458508,3.129151822562991
2022-08-20,12.840626670381965,2.651729563433259,3.92245724760998
2022-08-21,13.478781098452536,2.035211098382165,3.6248266016385218
2022-08-22,23.631411482345804,2.0261739148904128,3.247572256335098
2022-08-23,16.285815098042985,0.8483836819320478,9.520741641774123
2022-08-24,16.285935105904038,10.079866595349854,3.324827386188625
2022-08-25,14.400313099592193,12.897368319291315,1.2671466917425822
2022-08-26,24.352516737295097,6.209859844165724,12.695795804543828
2022-08-27,10.509363982323146,1.9125914143715077,3.440205018450705
2022-08-28,13.686341568273672,2.0627167304547624,3.5226488878913966
2022-08-29,10.164918209539024,5.071805927800801,1.0397732438984386
2022-08-30,6.387511691527687,2.375087295717339,4.585113059912837
2022-08-31,3.973670685069564,-4.33248108024445,4.764508854874152
2022-09-01,7.199826425561145,-3.694177672830176,4.161518780363036
2022-09-02,8.441102352607135,1.7454347697646475,5.582322933173576
2022-09-03,11.915924534636206,7.135315140146915,15.326314203194318
2022-09-04,8.116394820001737,1.9401397566554155,6.505619121931451
2022-09-05,8.615566924230324,2.0112929869775833,12.145120935981002
2022-09-06,13.10253116485095,2.897971104798723,7.946966936702673
2022-09-07,12.214342732321295,2.78215925407477,12.766398614512449
2022-09-08,39.184201859469326,2.809996817179673,7.544670999033638
2022-09-09,11.149681194252441,3.060636227387199,7.490400516524984
2022-09-10,10.436673019710732,2.141868457642629,8.341459469084635
2022-09-11,10.129799471627418,2.598216684680116,3.4796977427417852
2022-09-12,13.555593783301989,2.467697692972679,7.2071312920307555
2022-09-13,5.564618019706803,1.3742795768076825,6.2702711505489415
2022-09-14,9.530812964487307,0.5163419705967707,15.99210626980841
2022-09-15,11.720930715380016,6.117092230449989,11.027346185510577
2022-09-16,18.062107241739813,6.697871069697983,13.856275655295416
2022-09-17,12.289331521009473,2.6393596235905408,3.1895326163858186
2022-09-18,15.409961428673139,3.1779956951862856,3.303557954075339
2022-09-19,31.233180868598485,2.8832112057649484,1.7962466085628455
2022-09-20,3.837914909582377,5.752961228980387,14.443686335019347
2022-09-21,18.996419961296162,10.153391320254846,2.780642562817994
2022-09-22,15.405146357857737,-3.4547949872109323,7.538198507884912
2022-09-23,12.92483757590286,1.405465649615174,1.6672400322710947
2022-09-24,15.98807372308554,2.0638357461532255,2.7579544394823605
2022-09-25,12.589850577349923,0.8866224432053366,2.9653305018583587
2022-09-26,17.62603562073333,4.637125164322432,3.0318916777831655
2022-09-27,19.34045880883938,3.2766906249719607,2.251054071131325
2022-09-28,35.775915148011414,0.5763064905332158,-0.8703434985768016
2022-09-29,20.823750608070284,0.9825401506266358,-0.1294938805159324
2022-09-30,34.29168193968866,1.1221163768500952,2.9047360995961937
2022-10-01,30.11694439754693,0.7745858258787645,3.4041926352006904
2022-10-02,19.655241870373303,1.0054033730339642,2.641283116764653
2022-10-03,12.8896888476144,0.6405114698245098,6.520094915888761
2022-10-04,-1.627715257498913,-0.21030317877510568,2.592985551697885
2022-10-05,13.17050444748647,0.16899137617651383,-0.46773485078642846
2022-10-06,14.079314655835972,-2.460971043111791,4.514599180685368
2022-10-07,14.713288409561052,0.7289414654801095,9.997438648906858
2022-10-08,12.548935330336626,0.9201293639890126,5.244831474641893
2022-10-09,17.05745839938002,1.3034039852089416,6.417150932661546
2022-10-10,24.702708873193444,0.7441236925834448,0.989573982734699
2022-10-11,14.896044132493898,1.1997113778997504,6.7189712109334
2022-10-12,19.271313459479625,3.411022804454352,6.950939551307548
2022-10-13,36.09324871404349,0.6271666242920335,7.825466169791209
2022-10-14,10.144190127202112,1.2343947324097582,2.6186063590009017
2022-10-15,25.170593683526445,2.293769043442916,12.078684390198585
2022-10-16,21.308387000473566,1.630277027724878,7.823294101627216
2022-10-17,26.521468060586272,3.9786788120562946,7.436373909190397
2022-10-18,27.294887110887018,2.0409738694617405,11.659166042554386
2022-10-19,38.29237468124125,2.98152317968719,15.58625766457379
2022-10-20,28.025175314372667,2.4697998492555056,0.7172715591173249
2022-10-21,42.70360501655665,3.4188699487278678,6.474817760921478
2022-10-22,32.479033395205306,1.4798975416372748,3.57846465620552
2022-10-23,29.17765034190961,1.8587693742154472,3.2933198063890927
2022-10-24,55.7502684970112,1.0449025429601568,5.2798409890862175
2022-10-25,44.48726714758405,1.4898957197976546,6.089038421599656
2022-10-26,17.545266669968132,2.3341516775271334,4.807681618306199
2022-10-27,26.384496418784153,3.069231441414031,4.548730622248893
2022-10-28,52.46411990368185,6.74418223284184,0.3535879918151824
2022-10-29,22.925516100354454,1.4424692457725938,4.0668760879340695
2022-10-30,33.794212659966114,1.7896516496615111,3.939431559501673
2022-10-31,22.413285163748412,2.0836038093589133,-2.3929321737627225
2022-11-01,-2.0848593524363928,3.1658214501111503,-0.0003638225016124458
2022-11-02,22.613377315975768,0.017094275344891274,-1.586828257987479
2022-11-03,23.861732082879833,0.7054157258582414,13.132106020026281
2022-11-04,20.827933736590836,1.2900858557682815,4.722556062003329
2022-11-05,8.551280198176231,2.2213147589346844,4.617323670676008
2022-11-06,18.057270607137696,1.5918743775491886,4.755517336367333
2022-11-07,17.8852587473302,0.6046881283506144,3.7862473183822196
2022-11-08,15.914677826590992,2.2158965897318326,5.153555593787657
2022-11-09,7.90057922879841,1.6537496335319717,5.114040534253171
2022-11-10,11.88690413759518,6.392809639650043,16.800443421370847
2022-11-11,10.47424661950217,1.526499824494504,4.909992949035273
2022-11-12,12.509106308288763,2.1234910753947176,4.664960737224248
2022-11-13,11.252268345824206,2.3977558222343243,4.892521638008318
2022-11-14,26.935020239208868,2.796996724337328,6.259127171611425
2022-11-15,8.914476717071931,2.7799836291085476,11.985550376433103
2022-11-16,14.86594386279737,4.131268239338753,20.51788202444788
2022-11-17,-0.7081898542463545,3.8605398119249763,5.29255755497446
2022-11-18,17.408512044045548,9.001005959738249,4.096352907105754
2022-11-19,13.138622183320587,6.165109696438091,5.3008741211543
2022-11-20,16.26082221752127,2.4116505492261036,4.472319678939856
2022-11-21,14.056430494381347,1.6928595741048695,10.626939992505399
2022-11-22,15.110757419353074,0.43117363470437464,3.204965401185751
2022-11-23,14.8942572518478,0.9289713285516367,-5.4483931505165355
2022-11-24,-0.1678898357326375,-2.6869449277545185,0.06954833374247071
2022-11-25,12.27349688717901,0.9357524543286616,3.3248650143963885
2022-11-26,13.42974108146083,1.3290902189505829,3.331139126690056
2022-11-27,12.191169319305809,1.8551559666646729,3.4879528512868716
2022-11-28,13.034667163374731,2.5658034711821363,2.9194142262683096
2022-11-29,14.084564192824345,1.657333249553129,3.969481549968874
2022-11-30,3.5244915191515194,16.23106799589326,3.652789513597612
2022-12-01,15.259207995647348,1.9199188199443717,1.2590620340950556
2022-12-02,16.920847694872286,10.678875749365053,4.55571659359819
2022-12-03,17.21613942756781,2.597267355698923,3.398199298487155
2022-12-04,17.916316216646536,2.5770596962217334,3.4008766306342895
2022-12-05,17.64284117244352,9.732077187201329,4.168693854185982
2022-12-06,2.0535873221673224,5.80628507511093,7.769109613840062
2022-12-07,18.92998148513216,16.243329282925618,-3.1386147522174968
2022-12-08,16.838742375980097,2.8059416992560586,3.435320378424553
2022-12-09,15.803724466221244,4.36682001219237,0.7148192925643693
2022-12-10,13.160228043909976,6.260372639245183,4.721101604504343
2022-12-11,10.374275487150133,4.2013380381364165,4.71598007858441
2022-12-12,25.605853982073615,4.166789982319596,4.964908199220978
2022-12-13,10.063404082342183,11.08709726853347,1.8845474647285885
2022-12-14,10.188925534374084,4.525514561311923,2.2148280242915312
2022-12-15,8.165713578000044,5.235546602438514,3.7362316223950103
2022-12-16,13.284192273938045,19.549566830330697,1.5314967776880644
2022-12-17,12.798264405659854,3.753415049913256,1.5084969663567955
2022-12-18,15.925780268796276,2.957449118242411,1.455474417351334
2022-12-19,33.813731321683555,4.66833032542808,1.4388058051382862
2022-12-20,17.204618484422333,4.244964864234081,2.027185479125496
2022-12-21,26.30580579980703,4.120190487306949,1.1243122285945497
2022-12-22,11.450146516132762,4.3760873128323805,3.0135282900033196
2022-12-23,9.503494605461434,5.394287677035602,2.542901518851213
2022-12-24,8.418017206986455,2.9775203801321184,1.44486607703294
2022-12-25,6.515782750230277,4.601125542140746,1.6188183008331989
2022-12-26,7.517480867823324,-0.09264555434796831,-2.2127758491762144
2022-12-27,-13.5714347995887,1.1322676387975146,-1.7603207168623076
2022-12-28,1.5628563720309434,-5.13308935280926,0.5079822496694624
2022-12-29,-4.908035125692297,0.7764406927853346,0.9230450081415034
2022-12-30,3.9531918823897003,-2.0938443358771255,0.3214911072387554
2022-12-31,9.383086311631345,2.9777667760861712,0.8083477054705959
2023-01-01,9.248828417407442,3.325230148912059,2.303320989140638
2023-01-02,5.0768246830774295,2.114410020031503,5.23739191564293
2023-01-03,10.172251387065813,3.9603107521502796,2.912364435315971
2023-01-04,11.449214850011767,7.798817060938098,5.427017274101105
2023-01-05,8.730907758432373,4.3985613186490715,2.5954159402555645
2023-01-06,24.189405973198244,2.3366776376251526,1.8559614239258222
2023-01-07,7.8357872957960515,2.8606577536393725,-0.11086701915279705
2023-01-08,10.178473465800227,2.5266744489110775,3.2788197388817366
2023-01-09,12.92472426794972,2.766522581406976,3.7538256961835454
2023-01-10,7.271199689954262,12.61719907569756,2.5220897522183803
2023-01-11,11.083964701561955,2.815538519989903,4.129790152115067
2023-01-12,29.35555354458928,0.939130330614715,4.402423007251624
2023-01-13,10.736383132317997,11.385064658000568,4.773670170374695
2023-01-14,12.800899452106183,3.045715736317767,4.908594225020992
2023-01-15,12.453346688737767,3.008575829523567,4.336594455773304
2023-01-16,14.350927722986768,-1.5166517176132888,4.574576351952219
2023-01-17,13.749442216473033,2.9897685207155225,-1.0861458180986618
2023-01-18,14.237723850885512,19.29357293340805,0.7631240368598802
2023-01-19,15.49025293436635,21.137448998006338,15.557886120278768
2023-01-20,23.547414907084452,6.9492535954196075,8.607673511676815
2023-01-21,17.327521058578427,12.284585855812114,7.5027239838005375
2023-01-22,15.388562100463608,7.092934294841146,6.803760389915631
2023-01-23,17.913839830923816,11.657403556990774,6.752790289429563
2023-01-24,19.611215242487177,7.257392121966221,7.3750357027757865
2023-01-25,14.187063405428393,10.85177414711395,10.254156650704251
2023-01-26,18.030366810049422,6.38055640929306,5.569286774249044
2023-01-27,19.885450867402305,4.772956737165304,-0.18007278203642701
2023-01-28,32.61315852725231,11.687636267519633,0.8156685470349292
2023-01-29,18.924545412625605,4.51593032971412,5.5764045549451176
2023-01-30,13.063541057779055,10.507086954734218,7.507645671727966
2023-01-31,13.959000651904859,-0.13803922988341188,0.8133654316617802
2023-02-01,21.1296591982559,4.623406520882801,6.0703561766176355
2023-02-02,21.19308091973716,4.657567097907993,5.784521973431918
2023-02-03,5.422572164954426,1.832066960588012,5.602343853504881
2023-02-04,15.658024010547443,4.066446408249427,5.573230733490407
2023-02-05,17.933695853263792,4.064304449754891,4.769703890038661
2023-02-06,18.575229269675347,3.925062991932539,7.343890716774444
2023-02-07,32.40314081951091,4.316330528792028,5.026543824011219
2023-02-08,7.799403704911429,0.15783614419984504,4.235677210059222
2023-02-09,15.328534366230507,8.210080062870526,8.270447538896134
2023-02-10,19.579418179864653,2.193959646737638,4.46816640842026
2023-02-11,19.84963785404249,2.8920468889479785,0.5518999250025893
2023-02-12,19.7888522582542,5.480297095079904,4.954929858074917
2023-02-13,22.845799169748542,1.4780634677061415,3.5608503223873815
2023-02-14,25.560320505873527,1.5252503084249358,3.5136008075611094
2023-02-15,21.87109301675141,3.434885683721357,3.375831516373821
2023-02-16,23.79008490023214,2.2707860661401646,16.217779154394066
2023-02-17,24.792354916170844,3.30458703866789,7.542603896105573
2023-02-18,29.842131120305453,2.1729750668157144,1.374792184220368
2023-02-19,21.122118144782696,2.109894922620774,2.3549164818171384
2023-02-20,8.826243951674176,0.05950352305835271,4.203727268385619
2023-02-21,17.2902362101288,2.436869672923014,0.009732200505295996
2023-02-22,40.02760335550176,1.0668004033698921,1.7373062023427153
2023-02-23,33.7947523409535,2.934065674009447,1.6359585104970624
2023-02-24,15.982942390669628,1.259933311511035,1.2654576395651032
2023-02-25,20.930861732113705,1.7027131962901325,2.0255271218158613
2023-02-26,17.458207376664543,1.9449213066889142,2.1824395272467827
2023-02-27,19.581503257218838,5.596182181174037,2.7788549485488923
2023-02-28,22.537175853506245,1.0045184241303111,-0.11354968190419346
2023-03-01,24.32406619769779,5.973553947386606,6.40722265541155
2023-03-02,40.99721231755347,0.7532396856207306,4.622991744309475
2023-03-03,7.496981965764123,-0.80863012988117,16.080600556985694
2023-03-04,23.22961790464698,2.5968954037407936,4.940288218531739
2023-03-05,23.7092354932318,2.1632326096094436,5.370156447329325
2023-03-06,6.733158699422506,2.568655045418902,3.544832444024956
2023-03-07,35.89550129082588,2.6490587549060036,6.641554804150662
2023-03-08,18.298791763511232,2.338490912335627,6.755621825617034
2023-03-09,17.77051518431447,12.40226175033854,16.12428977953669
2023-03-10,11.701265053225413,3.047721648221364,6.395706892933869
2023-03-11,12.266477217602487,2.8350332032372125,9.922245798773815
2023-03-12,16.028964986798307,2.6137960692574724,6.5651479239903985
2023-03-13,19.16427809646353,4.635909021435426,2.226145681837713
2023-03-14,15.202575396959604,18.87664478574339,5.9239215118593895
2023-03-15,-1.5024264639385905,21.672636651826082,9.222783601763096
2023-03-16,16.27754329644498,2.918813566420499,5.030047991510491
2023-03-17,20.52762178263214,-4.517185127934507,5.8625381170320185
2023-03-18,9.826716965989904,3.1596199183451232,5.926293555962392
2023-03-19,18.308376693998476,3.8429066146441895,10.481673010550725
2023-03-20,16.42596454244835,2.963291951136818,4.797273673553305
2023-03-21,19.616512764037854,14.935372755834294,-1.5653664000169387
2023-03-22,18.655049717586394,3.5619236194188777,4.196235558219721
2023-03-23,20.287905761701225,2.3446935167849876,10.817392440858898
2023-03-24,20.083997186581833,6.361337816314655,0.5139550033694966
2023-03-25,20.130993713613684,2.326704589439044,1.9097561185582348
2023-03-26,17.031385729106496,6.274859970997504,2.262651649005126
2023-03-27,21.63787968336169,1.6471386621728579,-2.5662591507744485
2023-03-28,15.957521582141975,2.455178576299393,2.912071085441958
2023-03-29,7.200787144789012,-0.3107874346837729,2.75469594954831
2023-03-30,18.198492741810725,4.006218948258829,3.8301338158373794
2023-03-31,20.08306154991542,11.25740324075218,4.779293239892441
2023-04-01,25.86494569446018,3.4029739471023954,5.262672495438619
2023-04-02,28.71550647195464,2.037923546875528,6.0462667136205965
2023-04-03,13.868333235249656,2.3723941776862185,4.9905721909833325
2023-04-04,21.29057041639405,0.9532445252130358,5.717384957640961
2023-04-05,28.190365739329785,0.6746034871511973,1.9500417624038424
2023-04-06,28.999050468322924,-2.648995279239186,8.744042260973828
2023-04-07,4.090263940559597,1.6259230550926382,9.300347160586393
2023-04-08,13.447369576780687,5.021437459139284,4.214467671270567
2023-04-09,13.694309134009668,2.2937447477770676,1.6558968258772362
2023-04-10,3.061538907312339,2.020878307695095,4.687638069723015
2023-04-11,6.625395923235935,8.95836762434546,10.754182299901455
2023-04-12,14.032864181223587,5.650375993094667,3.752452279882652
2023-04-13,13.70601744806301,3.0560305565854478,4.541816242296752
2023-04-14,13.503368279388615,3.516643873900201,2.750861345357822
2023-04-15,13.309602929134961,2.6803519731758176,5.938243583993161
2023-04-16,13.518583464374526,3.7065761033277274,2.3602764783418637
2023-04-17,16.91379253956822,3.6749865221317175,-3.628389104504424
2023-04-18,17.29222218324081,3.5366346756497964,1.5601065758103407
2023-04-19,11.830862625653957,3.991117784388009,11.655039625847632
2023-04-20,15.280422768612095,3.477698316744176,11.167765957230692
2023-04-21,16.967467297896604,3.5032029746502644,-0.03704881986708712
2023-04-22,12.896135659621239,2.3945796927908645,2.2571936414316944
2023-04-23,18.09966532384616,2.9506640570118288,1.5864710025290287
2023-04-24,15.339168604572372,6.672353296493981,1.1748671461362301
2023-04-25,9.635777918442056,15.349639336373297,7.389980273839497
2023-04-26,19.059988289100744,21.467592770417617,6.581342359703803
2023-04-27,17.32250364252681,14.32873731127667,1.7116895829248295
2023-04-28,19.926650603465795,3.697309069579686,3.000146721626731
2023-04-29,21.523784915598,6.597124912213154,12.738497363224077
2023-04-30,17.57416050127167,4.222819034061503,6.555190147040921
2023-05-01,27.39538155649129,14.543794032115512,3.8576175783798723
2023-05-02,18.085480272477582,9.17804873122176,3.640536260349996
2023-05-03,36.95593390688402,4.303892291273679,-0.10154008760046374
2023-05-04,39.03165154664911,5.621655038264787,4.866137064939085
2023-05-05,10.600001114309453,5.408023833081861,5.62830891115907
2023-05-06,11.029977856408367,5.254755259643021,4.392370360256798
2023-05-07,13.08618239734945,3.240584048551402,3.1887255759750865
2023-05-08,14.356030483359064,3.8340119119347893,-3.6826528704835244
2023-05-09,13.074068312935303,-4.266815272887048,6.054594412002144
2023-05-10,16.81705908726783,-1.9465991204367075,6.542739645220563
2023-05-11,18.284347316476875,2.052375779526337,7.227533059980743
2023-05-12,11.441570189685521,0.4873971443651526,1.4449946046010962
2023-05-13,14.41398623799576,2.3126970923502017,7.507347670235035
2023-05-14,10.079668653575148,2.7731377002620015,6.79846683476328
2023-05-15,10.435756296288547,9.464987795833032,9.580040204135088
2023-05-16,-0.3613371904536411,1.9793037838667615,7.4920518959753775
2023-05-17,5.420463950343972,2.203148196651303,6.138776037884054
2023-05-18,6.55968347925865,0.5953697718507341,5.831728531858783
2023-05-19,20.47489233494541,1.1272512598989823,5.10142326679315
2023-05-20,11.1463357031731,1.9126666189170094,9.437725480875859
2023-05-21,11.812736117828681,2.2768382938891922,4.639277447799008
2023-05-22,11.46422942024289,6.051509157750699,5.010919317178917
2023-05-23,13.184765068188154,2.3153069467525853,-0.837720529236795
2023-05-24,14.683495554811094,2.7465858580033506,-1.3450608853883905
2023-05-25,15.988996774698261,13.705167212263031,5.013158500176567
2023-05-26,14.226099553600548,2.7672354501412286,3.1774281217465985
2023-05-27,12.254588467118495,2.5274003077695495,4.470312555853791
2023-05-28,15.22128781245751,3.2961472468944133,6.784760325598282
2023-05-29,-1.8072475301562627,2.9289080991230962,-4.142226374179486
2023-05-30,-2.0261219837583635,-1.8838671168781773,3.8854445367339805
2023-05-31,10.162617811275725,2.3559448564630125,4.032927125481686
2023-06-01,6.150918329004364,3.446311661606321,-0.5731067195211915
2023-06-02,9.890996654226145,6.692156311242454,4.294262201847216
2023-06-03,10.288624060886946,2.9599235408481475,3.890062438969871
2023-06-04,8.694549597499387,2.622671427904491,4.090965977176863
2023-06-05,10.04957647914496,2.872095157937167,3.678579465726508
2023-06-06,11.053767548851251,6.929531298644145,3.828002916640685
2023-06-07,8.565016397287257,-3.0546325229875393,12.574198729727394
2023-06-08,30.61822798932932,3.6463146067811136,3.2343729009744484
2023-06-09,26.659835656750413,-1.3571732912650016,9.483041520621486
2023-06-10,24.295907885770802,3.138666177020949,9.527459910490265
2023-06-11,12.761795228176565,4.033157970371256,5.727819768617007
2023-06-12,24.4192308641188,3.2805968285252765,-2.4900463398327033
2023-06-13,15.341833872723084,3.80387309080638,-1.0847501216331412
2023-06-14,55.27971376316946,4.536674553873295,5.180743492924659
2023-06-15,13.304500690503868,5.070495936090538,1.0983673617324774
2023-06-16,11.352251900675098,4.132209305261777,4.6209289691693165
2023-06-17,12.1447564239609,4.157669454782859,7.286488881788423
2023-06-18,10.279220603953563,3.1382549870122585,4.00547682093454
2023-06-19,14.795265902284745,3.0373751971747938,4.260612899778688
2023-06-20,9.961748930053265,4.276934962651247,11.941173408487685
2023-06-21,15.46636328274222,3.176459246977304,4.0284622618013675
2023-06-22,13.432035326827908,2.2535327236022784,3.910321762259028
2023-06-23,18.718452149499086,1.2018381898093162,4.2313141204345435
2023-06-24,25.228139241968623,2.664209792691119,4.028401916620815
2023-06-25,17.452767535470553,2.8164424738840803,11.276811779315864
2023-06-26,12.057947976677616,3.6185986455052537,4.295604733068812
2023-06-27,16.34647756561973,1.4524809911362757,4.064266558708189
2023-06-28,13.47428009507042,-1.6817141437127026,6.800939536452929
2023-06-29,17.272890059142348,7.11990390806538,-1.3855141353772562
2023-06-30,14.952858821796337,7.990701809214509,0.0738952612289192
2023-07-01,15.735274862543205,2.1781032828390745,3.8326574989096427
2023-07-02,12.75365805854128,2.463009005321925,7.597831074250596
2023-07-03,16.083205927664142,3.631794840724333,3.41212794325335
2023-07-04,26.87377480034116,2.801760804261435,3.4130156342102436
2023-07-05,18.536850793659617,7.962130939967416,10.599525399842028
2023-07-06,19.32228415570579,1.6999822105660671,4.28080095778607
2023-07-07,14.092791991995792,1.5727229821225648,2.94806745766394
2023-07-08,14.16429433150533,3.1009855465239298,2.553526719211715
2023-07-09,18.38889799519675,2.267545604468515,2.721210437343143
2023-07-10,26.256301080821615,1.465664413518172,1.829310693002597
2023-07-11,13.379154785493292,13.082243536098666,-0.9755503820361322
2023-07-12,15.205885056511459,2.033961301331118,2.4294534352593953
2023-07-13,1.4090038239990257,2.5683195682998012,-0.3377207486006508
2023-07-14,1.6729012967877601,2.7588027747975454,5.236954774535625
2023-07-15,11.76571853694547,3.5057480929888563,2.9029984096112136
2023-07-16,12.069044251114827,3.3738866039763806,3.1421186779549717
2023-07-17,13.400448551350882,5.260168010178248,-0.20086400613978037
2023-07-18,23.74493351967993,1.9088663821564542,6.753699696281895
2023-07-19,11.384095882975247,5.885615977060466,4.746251591839799
2023-07-20,10.030387434597383,12.796960339161,4.3596325886864875
2023-07-21,16.970842160665043,25.187043671933072,2.0169279455644267
2023-07-22,15.878898574642738,3.7742535075168413,1.2631723972476143
2023-07-23,13.44628762701458,5.185904732234956,4.896740126183606
2023-07-24,12.633023205544378,3.36224153213655,3.8103958935034568
2023-07-25,12.990055349065202,-3.3727070880472327,4.472953590238373
2023-07-26,12.650058914600763,2.954425654783925,4.207009512447526
2023-07-27,10.56508605537662,-1.607095120159266,-2.856331671310214
2023-07-28,5.7350783403062255,-1.1414759016172624,3.8700672368790006
2023-07-29,15.400668169937212,6.3849863749862905,5.638305827242896
2023-07-30,14.114015440571679,10.902210927180892,17.63868306741323
2023-07-31,9.479459767707684,14.533173656061528,9.927675821796713
2023-08-01,26.303574752329858,4.950548484367319,0.17161752655819051
2023-08-02,14.975608611897039,7.0259683262329355,0.702058000705007
2023-08-03,17.845257955601138,6.9758364633684335,5.934486253124212
2023-08-04,15.707108102157394,7.481425439420786,6.694465502775346
2023-08-05,11.037142359734172,7.019261974114668,5.984949674305765
2023-08-06,15.856168295494726,7.658384109554727,6.387128022211722
2023-08-07,19.287864726310723,8.722105421026043,6.983640451012447
2023-08-08,17.645283832423456,9.958510555152248,6.881572160529041
